Category,Order Date,Sales
Furniture,2015-01-06,2573.82
Furniture,2015-01-07,76.728
Furniture,2015-01-10,51.94
Furniture,2015-01-11,9.94
Furniture,2015-01-13,879.9390000000001
Furniture,2015-01-14,61.96
Furniture,2015-01-16,127.104
Furniture,2015-01-19,181.47
Furniture,2015-01-20,1413.51
Furniture,2015-01-26,217.2
Furniture,2015-01-27,333.0
Furniture,2015-01-31,290.666
Furniture,2015-02-08,14.56
Furniture,2015-02-11,1650.05
Furniture,2015-02-12,129.568
Furniture,2015-02-18,25.16
Furniture,2015-02-20,20.32
Furniture,2015-03-01,1893.995
Furniture,2015-03-03,928.8019999999999
Furniture,2015-03-07,966.984
Furniture,2015-03-11,8.32
Furniture,2015-03-14,1139.92
Furniture,2015-03-15,45.696
Furniture,2015-03-17,3265.23
Furniture,2015-03-18,1462.4499999999998
Furniture,2015-03-19,25.008
Furniture,2015-03-21,251.328
Furniture,2015-03-22,314.352
Furniture,2015-03-24,40.48
Furniture,2015-03-25,366.786
Furniture,2015-03-28,1184.72
Furniture,2015-03-29,890.841
Furniture,2015-03-30,332.968
Furniture,2015-03-31,1125.488
Furniture,2015-04-02,177.68
Furniture,2015-04-04,5.47
Furniture,2015-04-06,933.384
Furniture,2015-04-07,8.96
Furniture,2015-04-08,1487.6220000000003
Furniture,2015-04-12,308.499
Furniture,2015-04-15,187.76
Furniture,2015-04-18,317.058
Furniture,2015-04-19,76.14
Furniture,2015-04-20,1205.61
Furniture,2015-04-23,585.08
Furniture,2015-04-25,1790.29
Furniture,2015-04-26,230.28
Furniture,2015-04-29,631.0039999999999
Furniture,2015-05-04,39.64
Furniture,2015-05-05,127.869
Furniture,2015-05-07,1066.5700000000002
Furniture,2015-05-10,606.749
Furniture,2015-05-11,1279.0720000000001
Furniture,2015-05-12,734.846
Furniture,2015-05-13,279.456
Furniture,2015-05-14,310.88
Furniture,2015-05-16,232.88
Furniture,2015-05-18,149.232
Furniture,2015-05-20,150.192
Furniture,2015-05-21,107.772
Furniture,2015-05-25,29.32
Furniture,2015-05-26,875.7339999999999
Furniture,2015-05-27,567.12
Furniture,2015-05-30,355.455
Furniture,2015-06-01,2024.06
Furniture,2015-06-02,73.32
Furniture,2015-06-03,515.88
Furniture,2015-06-04,424.488
Furniture,2015-06-06,991.764
Furniture,2015-06-07,268.935
Furniture,2015-06-08,755.904
Furniture,2015-06-09,3233.744
Furniture,2015-06-14,212.94
Furniture,2015-06-15,897.862
Furniture,2015-06-16,647.84
Furniture,2015-06-17,6.24
Furniture,2015-06-20,193.0656
Furniture,2015-06-21,107.994
Furniture,2015-06-22,1023.9879999999999
Furniture,2015-06-24,4.272
Furniture,2015-06-25,447.84
Furniture,2015-06-27,85.98
Furniture,2015-06-28,1228.465
Furniture,2015-07-05,232.73600000000002
Furniture,2015-07-06,478.48
Furniture,2015-07-07,241.19400000000002
Furniture,2015-07-08,566.37
Furniture,2015-07-09,119.833
Furniture,2015-07-11,979.0500000000001
Furniture,2015-07-12,1333.846
Furniture,2015-07-13,351.216
Furniture,2015-07-14,31.984
Furniture,2015-07-18,259.136
Furniture,2015-07-19,70.56
Furniture,2015-07-20,1041.132
Furniture,2015-07-21,1732.346
Furniture,2015-07-22,888.072
Furniture,2015-07-25,77.92
Furniture,2015-07-26,919.448
Furniture,2015-07-28,129.888
Furniture,2015-07-30,1367.84
Furniture,2015-08-01,44.128
Furniture,2015-08-03,218.75
Furniture,2015-08-05,1962.724
Furniture,2015-08-08,658.472
Furniture,2015-08-11,12.35
Furniture,2015-08-12,85.44
Furniture,2015-08-16,853.092
Furniture,2015-08-19,928.0600000000001
Furniture,2015-08-20,921.6120000000001
Furniture,2015-08-23,4.224
Furniture,2015-08-24,13.28
Furniture,2015-08-25,6.28
Furniture,2015-08-26,10.68
Furniture,2015-08-27,1232.06
Furniture,2015-08-29,174.0585
Furniture,2015-09-02,70.71
Furniture,2015-09-05,31.984
Furniture,2015-09-06,41.88
Furniture,2015-09-07,1714.5929999999998
Furniture,2015-09-08,3855.444
Furniture,2015-09-09,864.024
Furniture,2015-09-10,1741.94
Furniture,2015-09-11,127.95
Furniture,2015-09-12,3825.852
Furniture,2015-09-13,354.306
Furniture,2015-09-14,629.78
Furniture,2015-09-15,118.49600000000001
Furniture,2015-09-17,35.34
Furniture,2015-09-19,961.0179999999999
Furniture,2015-09-20,3071.64
Furniture,2015-09-21,8.544
Furniture,2015-09-22,676.9680000000001
Furniture,2015-09-23,435.999
Furniture,2015-09-25,300.5328
Furniture,2015-09-26,752.3040000000001
Furniture,2015-09-27,691.4599999999999
Furniture,2015-09-28,337.088
Furniture,2015-09-29,3153.388
Furniture,2015-09-30,15.24
Furniture,2015-10-03,555.8389999999999
Furniture,2015-10-04,589.41
Furniture,2015-10-07,129.92
Furniture,2015-10-10,169.224
Furniture,2015-10-11,505.95799999999997
Furniture,2015-10-13,1544.53
Furniture,2015-10-14,1628.82
Furniture,2015-10-15,198.75600000000003
Furniture,2015-10-17,5.312
Furniture,2015-10-18,1151.22
Furniture,2015-10-20,328.59
Furniture,2015-10-21,1000.9100000000001
Furniture,2015-10-22,223.808
Furniture,2015-10-26,63.92
Furniture,2015-10-28,616.998
Furniture,2015-10-31,3591.032
Furniture,2015-11-01,31.68
Furniture,2015-11-02,89.34
Furniture,2015-11-03,1355.388
Furniture,2015-11-04,744.9499999999999
Furniture,2015-11-05,443.508
Furniture,2015-11-07,683.144
Furniture,2015-11-09,279.186
Furniture,2015-11-10,657.0200000000001
Furniture,2015-11-11,2071.424
Furniture,2015-11-12,697.0572
Furniture,2015-11-14,69.264
Furniture,2015-11-15,10.11
Furniture,2015-11-16,343.27049999999997
Furniture,2015-11-17,5270.08
Furniture,2015-11-18,2191.732
Furniture,2015-11-19,1025.88
Furniture,2015-11-23,1147.1
Furniture,2015-11-24,1029.808
Furniture,2015-11-25,2302.9669999999996
Furniture,2015-11-26,19.3
Furniture,2015-11-27,199.9
Furniture,2015-11-28,808.932
Furniture,2015-12-01,4513.606
Furniture,2015-12-02,1282.8
Furniture,2015-12-06,525.192
Furniture,2015-12-08,723.24
Furniture,2015-12-10,338.352
Furniture,2015-12-12,4695.6005
Furniture,2015-12-13,182.38799999999998
Furniture,2015-12-14,322.834
Furniture,2015-12-15,1223.786
Furniture,2015-12-16,2789.808
Furniture,2015-12-19,1819.86
Furniture,2015-12-20,4039.8140000000003
Furniture,2015-12-21,1897.92
Furniture,2015-12-23,118.10000000000001
Furniture,2015-12-24,346.622
Furniture,2015-12-26,1353.158
Furniture,2015-12-27,1212.798
Furniture,2015-12-29,143.172
Furniture,2015-12-30,523.764
Furniture,2015-12-31,2584.5280000000002
Furniture,2016-01-02,452.45
Furniture,2016-01-03,1352.3976
Furniture,2016-01-04,192.22
Furniture,2016-01-05,61.584
Furniture,2016-01-10,1018.104
Furniture,2016-01-13,542.45
Furniture,2016-01-17,254.744
Furniture,2016-01-19,301.742
Furniture,2016-01-27,2985.906
Furniture,2016-01-28,4297.644
Furniture,2016-01-30,227.36
Furniture,2016-01-31,53.34
Furniture,2016-02-03,256.202
Furniture,2016-02-06,1552.74
Furniture,2016-02-09,244.70399999999998
Furniture,2016-02-18,35.544
Furniture,2016-02-27,493.92
Furniture,2016-02-28,551.264
Furniture,2016-03-01,1412.7504
Furniture,2016-03-02,787.53
Furniture,2016-03-05,521.259
Furniture,2016-03-06,435.26
Furniture,2016-03-08,1746.9499999999998
Furniture,2016-03-12,37.288
Furniture,2016-03-13,1384.856
Furniture,2016-03-16,215.09
Furniture,2016-03-22,91.96
Furniture,2016-03-23,107.772
Furniture,2016-03-24,405.95799999999997
Furniture,2016-03-29,1186.8400000000001
Furniture,2016-03-30,366.744
Furniture,2016-03-31,22.38
Furniture,2016-04-04,108.4
Furniture,2016-04-05,1799.394
Furniture,2016-04-09,369.912
Furniture,2016-04-11,121.888
Furniture,2016-04-13,1811.432
Furniture,2016-04-16,1847.884
Furniture,2016-04-18,152.836
Furniture,2016-04-20,595.38
Furniture,2016-04-21,401.84000000000003
Furniture,2016-04-25,128.058
Furniture,2016-04-26,1592.8495
Furniture,2016-04-27,1267.53
Furniture,2016-04-30,278.295
Furniture,2016-05-01,63.552
Furniture,2016-05-03,1509.996
Furniture,2016-05-04,49.088
Furniture,2016-05-07,244.006
Furniture,2016-05-08,339.51599999999996
Furniture,2016-05-11,191.968
Furniture,2016-05-12,21.968
Furniture,2016-05-14,1452.7875
Furniture,2016-05-20,163.136
Furniture,2016-05-23,75.33
Furniture,2016-05-24,602.651
Furniture,2016-05-25,14.73
Furniture,2016-05-26,230.856
Furniture,2016-05-29,358.626
Furniture,2016-05-31,4056.74
Furniture,2016-06-04,35.28
Furniture,2016-06-05,1522.638
Furniture,2016-06-09,355.36
Furniture,2016-06-11,1201.752
Furniture,2016-06-12,43.296
Furniture,2016-06-14,51.072
Furniture,2016-06-15,404.96000000000004
Furniture,2016-06-16,197.372
Furniture,2016-06-18,779.336
Furniture,2016-06-19,12.56
Furniture,2016-06-20,257.64
Furniture,2016-06-22,796.425
Furniture,2016-06-23,27.42
Furniture,2016-06-25,280.234
Furniture,2016-06-26,332.94
Furniture,2016-06-28,1104.7
Furniture,2016-06-29,137.986
Furniture,2016-07-02,950.378
Furniture,2016-07-03,522.332
Furniture,2016-07-05,9.856
Furniture,2016-07-06,642.092
Furniture,2016-07-09,181.96
Furniture,2016-07-11,856.4680000000001
Furniture,2016-07-12,391.367
Furniture,2016-07-13,1931.04
Furniture,2016-07-14,569.684
Furniture,2016-07-16,2199.836
Furniture,2016-07-17,427.38599999999997
Furniture,2016-07-20,1298.374
Furniture,2016-07-23,128.82
Furniture,2016-07-24,20.94
Furniture,2016-07-25,1625.048
Furniture,2016-07-26,659.517
Furniture,2016-07-30,161.16
Furniture,2016-07-31,1090.782
Furniture,2016-08-01,1004.976
Furniture,2016-08-02,388.48
Furniture,2016-08-05,14.76
Furniture,2016-08-06,369.1992
Furniture,2016-08-07,212.94
Furniture,2016-08-08,144.784
Furniture,2016-08-09,1755.8760000000002
Furniture,2016-08-11,46.152
Furniture,2016-08-13,31.56
Furniture,2016-08-15,104.23
Furniture,2016-08-16,555.822
Furniture,2016-08-21,1754.848
Furniture,2016-08-24,1218.059
Furniture,2016-08-25,68.768
Furniture,2016-08-28,415.307
Furniture,2016-08-31,1552.831
Furniture,2016-09-01,185.1
Furniture,2016-09-03,367.72
Furniture,2016-09-05,778.651
Furniture,2016-09-06,463.584
Furniture,2016-09-07,556.106
Furniture,2016-09-08,21.36
Furniture,2016-09-10,648.526
Furniture,2016-09-11,244.23999999999998
Furniture,2016-09-13,1816.2020000000002
Furniture,2016-09-14,1082.886
Furniture,2016-09-15,1976.884
Furniture,2016-09-17,10006.173999999999
Furniture,2016-09-18,24.4
Furniture,2016-09-19,122.80000000000001
Furniture,2016-09-21,3119.064
Furniture,2016-09-22,252.57999999999998
Furniture,2016-09-24,1940.51
Furniture,2016-09-25,1454.348
Furniture,2016-09-27,24.288
Furniture,2016-10-02,11.032
Furniture,2016-10-03,156.156
Furniture,2016-10-04,457.884
Furniture,2016-10-05,357.462
Furniture,2016-10-08,218.68
Furniture,2016-10-09,389.97
Furniture,2016-10-11,957.5775
Furniture,2016-10-12,1735.158
Furniture,2016-10-13,287.94
Furniture,2016-10-15,2601.946
Furniture,2016-10-18,10.11
Furniture,2016-10-20,455.55600000000004
Furniture,2016-10-23,1275.104
Furniture,2016-10-24,801.633
Furniture,2016-10-25,1126.612
Furniture,2016-10-28,57.21
Furniture,2016-10-30,15.488
Furniture,2016-10-31,748.969
Furniture,2016-11-01,1094.388
Furniture,2016-11-02,4379.385
Furniture,2016-11-03,1491.4199999999998
Furniture,2016-11-05,207.0
Furniture,2016-11-07,970.8800000000001
Furniture,2016-11-08,5252.4259999999995
Furniture,2016-11-09,1024.38
Furniture,2016-11-10,29.22
Furniture,2016-11-12,670.0559999999999
Furniture,2016-11-13,1097.8052
Furniture,2016-11-14,1190.332
Furniture,2016-11-15,39.96
Furniture,2016-11-16,1784.164
Furniture,2016-11-17,1667.028
Furniture,2016-11-19,141.96
Furniture,2016-11-20,1656.6999999999998
Furniture,2016-11-21,2055.7748
Furniture,2016-11-22,206.962
Furniture,2016-11-24,79.76
Furniture,2016-11-26,692.472
Furniture,2016-11-27,1315.3955
Furniture,2016-11-28,625.962
Furniture,2016-11-29,1408.8700000000001
Furniture,2016-11-30,1115.2
Furniture,2016-12-01,6600.68
Furniture,2016-12-03,440.411
Furniture,2016-12-04,1200.268
Furniture,2016-12-05,306.53
Furniture,2016-12-06,390.718
Furniture,2016-12-07,363.84000000000003
Furniture,2016-12-10,1536.8600000000001
Furniture,2016-12-11,541.862
Furniture,2016-12-12,515.428
Furniture,2016-12-14,50.62
Furniture,2016-12-15,262.864
Furniture,2016-12-17,1245.642
Furniture,2016-12-18,20.32
Furniture,2016-12-19,1053.164
Furniture,2016-12-20,373.426
Furniture,2016-12-21,1670.126
Furniture,2016-12-22,422.625
Furniture,2016-12-24,1563.9940000000001
Furniture,2016-12-25,1433.5639999999999
Furniture,2016-12-26,326.646
Furniture,2016-12-27,2477.9031999999997
Furniture,2016-12-31,14.76
Furniture,2017-01-02,173.94
Furniture,2017-01-03,1592.85
Furniture,2017-01-07,23.076
Furniture,2017-01-08,1565.88
Furniture,2017-01-09,15.168
Furniture,2017-01-10,104.77000000000001
Furniture,2017-01-11,54.992
Furniture,2017-01-14,315.776
Furniture,2017-01-15,181.797
Furniture,2017-01-17,322.59
Furniture,2017-01-21,1167.056
Furniture,2017-01-22,575.308
Furniture,2017-01-23,59.99
Furniture,2017-01-25,359.702
Furniture,2017-01-30,1109.848
Furniture,2017-02-02,92.474
Furniture,2017-02-03,866.4
Furniture,2017-02-04,14.368
Furniture,2017-02-05,816.548
Furniture,2017-02-06,132.224
Furniture,2017-02-08,241.5
Furniture,2017-02-14,560.991
Furniture,2017-02-16,935.644
Furniture,2017-02-19,44.46
Furniture,2017-02-21,204.75
Furniture,2017-02-27,16.192
Furniture,2017-03-01,836.592
Furniture,2017-03-03,1236.6059999999998
Furniture,2017-03-06,305.02
Furniture,2017-03-08,215.95999999999998
Furniture,2017-03-09,354.9
Furniture,2017-03-10,176.784
Furniture,2017-03-11,351.262
Furniture,2017-03-12,770.352
Furniture,2017-03-13,1100.425
Furniture,2017-03-14,476.736
Furniture,2017-03-15,1352.032
Furniture,2017-03-17,971.5
Furniture,2017-03-18,189.882
Furniture,2017-03-19,107.594
Furniture,2017-03-20,783.61
Furniture,2017-03-21,627.8019999999999
Furniture,2017-03-22,167.888
Furniture,2017-03-24,301.47
Furniture,2017-03-27,60.16
Furniture,2017-03-29,1558.091
Furniture,2017-03-31,327.996
Furniture,2017-04-01,1324.532
Furniture,2017-04-02,1454.9
Furniture,2017-04-03,71.12
Furniture,2017-04-04,82.64
Furniture,2017-04-07,658.746
Furniture,2017-04-08,1024.208
Furniture,2017-04-09,556.665
Furniture,2017-04-12,1176.56
Furniture,2017-04-14,1317.336
Furniture,2017-04-15,1121.568
Furniture,2017-04-16,9.96
Furniture,2017-04-17,355.24300000000005
Furniture,2017-04-18,472.252
Furniture,2017-04-19,205.176
Furniture,2017-04-22,1414.3700000000001
Furniture,2017-04-24,1325.76
Furniture,2017-04-26,434.646
Furniture,2017-04-28,71.912
Furniture,2017-04-30,134.496
Furniture,2017-05-01,370.62
Furniture,2017-05-02,553.8000000000001
Furniture,2017-05-03,51.968
Furniture,2017-05-05,2072.464
Furniture,2017-05-06,96.31200000000001
Furniture,2017-05-07,506.444
Furniture,2017-05-08,211.96
Furniture,2017-05-12,10.02
Furniture,2017-05-14,109.576
Furniture,2017-05-16,282.84
Furniture,2017-05-17,195.848
Furniture,2017-05-19,717.64
Furniture,2017-05-20,1049.2
Furniture,2017-05-22,174.286
Furniture,2017-05-23,37.05
Furniture,2017-05-25,24.96
Furniture,2017-05-26,941.444
Furniture,2017-05-27,3535.66
Furniture,2017-05-28,390.272
Furniture,2017-05-29,44.76
Furniture,2017-05-30,3292.308
Furniture,2017-05-31,223.143
Furniture,2017-06-04,810.5409999999999
Furniture,2017-06-09,815.292
Furniture,2017-06-10,1335.68
Furniture,2017-06-11,915.256
Furniture,2017-06-12,433.396
Furniture,2017-06-14,3353.7290000000003
Furniture,2017-06-17,1685.43
Furniture,2017-06-20,219.258
Furniture,2017-06-21,353.568
Furniture,2017-06-25,540.016
Furniture,2017-06-26,59.88
Furniture,2017-06-27,539.658
Furniture,2017-06-28,121.96
Furniture,2017-06-30,1266.86
Furniture,2017-07-02,723.6139999999999
Furniture,2017-07-04,1329.9650000000001
Furniture,2017-07-07,817.278
Furniture,2017-07-08,662.88
Furniture,2017-07-09,573.286
Furniture,2017-07-14,661.6859999999999
Furniture,2017-07-15,230.28
Furniture,2017-07-16,9.552
Furniture,2017-07-17,37.17
Furniture,2017-07-18,1539.17
Furniture,2017-07-19,690.48
Furniture,2017-07-21,363.92
Furniture,2017-07-22,39.068
Furniture,2017-07-24,253.764
Furniture,2017-07-25,2996.708
Furniture,2017-07-28,504.87
Furniture,2017-07-31,1136.068
Furniture,2017-08-01,19.312
Furniture,2017-08-02,136.464
Furniture,2017-08-04,109.8
Furniture,2017-08-08,513.024
Furniture,2017-08-12,917.2045
Furniture,2017-08-13,241.96
Furniture,2017-08-15,537.326
Furniture,2017-08-16,161.28
Furniture,2017-08-18,14.896
Furniture,2017-08-21,3702.348
Furniture,2017-08-22,98.328
Furniture,2017-08-23,555.3119999999999
Furniture,2017-08-26,3262.232
Furniture,2017-08-27,244.615
Furniture,2017-08-28,156.3728
Furniture,2017-08-29,405.79999999999995
Furniture,2017-08-30,833.784
Furniture,2017-09-01,191.82
Furniture,2017-09-02,1476.154
Furniture,2017-09-03,642.396
Furniture,2017-09-04,106.53999999999999
Furniture,2017-09-05,3461.917
Furniture,2017-09-06,722.352
Furniture,2017-09-08,3374.9816
Furniture,2017-09-09,15.008
Furniture,2017-09-10,300.93
Furniture,2017-09-12,1679.8719999999998
Furniture,2017-09-13,1336.44
Furniture,2017-09-15,1128.39
Furniture,2017-09-16,395.446
Furniture,2017-09-17,430.008
Furniture,2017-09-18,3218.74
Furniture,2017-09-19,1599.324
Furniture,2017-09-20,279.36
Furniture,2017-09-22,100.672
Furniture,2017-09-23,1114.426
Furniture,2017-09-24,931.202
Furniture,2017-09-25,1141.431
Furniture,2017-09-26,1627.4805
Furniture,2017-09-27,956.6648
Furniture,2017-09-30,523.92
Furniture,2017-10-01,567.2860000000001
Furniture,2017-10-03,1552.508
Furniture,2017-10-04,250.94000000000003
Furniture,2017-10-08,51.712
Furniture,2017-10-09,502.4
Furniture,2017-10-10,211.666
Furniture,2017-10-13,1017.71
Furniture,2017-10-14,102.592
Furniture,2017-10-16,142.182
Furniture,2017-10-17,241.64600000000002
Furniture,2017-10-18,307.92
Furniture,2017-10-20,504.922
Furniture,2017-10-21,1967.192
Furniture,2017-10-22,173.26
Furniture,2017-10-23,16.156
Furniture,2017-10-27,758.8240000000001
Furniture,2017-10-28,1111.368
Furniture,2017-10-29,67.0
Furniture,2017-10-31,2265.7250000000004
Furniture,2017-11-03,1554.779
Furniture,2017-11-04,2007.59
Furniture,2017-11-05,2964.4408
Furniture,2017-11-06,563.5360000000001
Furniture,2017-11-07,1662.416
Furniture,2017-11-08,993.9000000000001
Furniture,2017-11-10,1004.9879999999999
Furniture,2017-11-11,3472.65
Furniture,2017-11-12,4158.352
Furniture,2017-11-13,54.08
Furniture,2017-11-14,856.56
Furniture,2017-11-15,630.024
Furniture,2017-11-18,557.068
Furniture,2017-11-19,34.288000000000004
Furniture,2017-11-20,702.036
Furniture,2017-11-21,514.21
Furniture,2017-11-22,39.88
Furniture,2017-11-23,84.81599999999999
Furniture,2017-11-24,2324.632
Furniture,2017-11-25,1762.962
Furniture,2017-11-26,4315.22
Furniture,2017-11-27,362.583
Furniture,2017-11-28,530.472
Furniture,2017-11-29,242.176
Furniture,2017-11-30,389.97
Furniture,2017-12-01,1801.2649999999999
Furniture,2017-12-02,868.8040000000001
Furniture,2017-12-03,2140.888
Furniture,2017-12-04,113.79
Furniture,2017-12-05,2225.6
Furniture,2017-12-08,2698.4539999999997
Furniture,2017-12-09,1136.8339999999998
Furniture,2017-12-10,1746.468
Furniture,2017-12-11,2461.796
Furniture,2017-12-12,417.12
Furniture,2017-12-13,1114.272
Furniture,2017-12-14,611.724
Furniture,2017-12-15,2231.895
Furniture,2017-12-16,563.92
Furniture,2017-12-17,2003.52
Furniture,2017-12-18,1183.99
Furniture,2017-12-19,759.8900000000001
Furniture,2017-12-20,18.92
Furniture,2017-12-22,919.3040000000001
Furniture,2017-12-23,1002.84
Furniture,2017-12-24,843.52
Furniture,2017-12-25,6636.862999999999
Furniture,2017-12-26,1262.004
Furniture,2017-12-27,845.488
Furniture,2017-12-29,825.01
Furniture,2017-12-30,170.786
Furniture,2018-01-01,975.49
Furniture,2018-01-02,913.43
Furniture,2018-01-08,892.98
Furniture,2018-01-12,37.68
Furniture,2018-01-13,212.94
Furniture,2018-01-16,730.2620000000001
Furniture,2018-01-19,919.2389999999999
Furniture,2018-01-20,207.846
Furniture,2018-01-21,84.98
Furniture,2018-01-23,210.98
Furniture,2018-01-26,62.72
Furniture,2018-01-28,37.74
Furniture,2018-01-30,643.875
Furniture,2018-02-02,296.84000000000003
Furniture,2018-02-03,22.2
Furniture,2018-02-06,600.754
Furniture,2018-02-09,25.104
Furniture,2018-02-10,203.983
Furniture,2018-02-11,1110.704
Furniture,2018-02-13,107.53
Furniture,2018-02-16,608.25
Furniture,2018-02-17,1955.5703999999998
Furniture,2018-02-19,44.67
Furniture,2018-02-20,477.844
Furniture,2018-02-25,428.70399999999995
Furniture,2018-02-26,892.224
Furniture,2018-03-02,441.96
Furniture,2018-03-03,751.004
Furniture,2018-03-04,103.5
Furniture,2018-03-06,71.97
Furniture,2018-03-10,983.976
Furniture,2018-03-11,181.484
Furniture,2018-03-13,89.768
Furniture,2018-03-16,51.264
Furniture,2018-03-18,82.524
Furniture,2018-03-19,728.0899999999999
Furniture,2018-03-20,2.91
Furniture,2018-03-21,1828.0200000000002
Furniture,2018-03-23,211.84
Furniture,2018-03-24,479.61
Furniture,2018-03-25,1986.52
Furniture,2018-03-26,318.408
Furniture,2018-03-27,2142.244
Furniture,2018-03-28,48.04
Furniture,2018-03-30,94.2
Furniture,2018-03-31,296.1128
Furniture,2018-04-01,828.966
Furniture,2018-04-02,436.91
Furniture,2018-04-03,25.472
Furniture,2018-04-07,1112.5465
Furniture,2018-04-08,637.14
Furniture,2018-04-10,48.992
Furniture,2018-04-13,436.704
Furniture,2018-04-14,515.0740000000001
Furniture,2018-04-15,196.45
Furniture,2018-04-16,102.833
Furniture,2018-04-17,278.664
Furniture,2018-04-20,470.394
Furniture,2018-04-21,1071.42
Furniture,2018-04-22,272.632
Furniture,2018-04-23,567.2520000000001
Furniture,2018-04-25,344.981
Furniture,2018-04-26,1.988
Furniture,2018-04-27,359.8456
Furniture,2018-04-29,1048.35
Furniture,2018-04-30,309.344
Furniture,2018-05-01,4051.534
Furniture,2018-05-02,129.93
Furniture,2018-05-03,405.918
Furniture,2018-05-04,300.904
Furniture,2018-05-05,89.991
Furniture,2018-05-06,623.4648
Furniture,2018-05-07,1962.0900000000001
Furniture,2018-05-08,176.04999999999998
Furniture,2018-05-09,493.85
Furniture,2018-05-11,217.97500000000002
Furniture,2018-05-12,328.33000000000004
Furniture,2018-05-13,458.43
Furniture,2018-05-14,1179.67
Furniture,2018-05-15,303.544
Furniture,2018-05-18,342.0
Furniture,2018-05-19,2624.58
Furniture,2018-05-20,525.2520000000001
Furniture,2018-05-21,520.05
Furniture,2018-05-22,181.986
Furniture,2018-05-23,171.288
Furniture,2018-05-25,18.84
Furniture,2018-05-27,512.3
Furniture,2018-05-28,799.689
Furniture,2018-05-29,71.664
Furniture,2018-05-30,468.2284
Furniture,2018-06-03,661.504
Furniture,2018-06-04,62.32
Furniture,2018-06-06,4.95
Furniture,2018-06-08,1497.666
Furniture,2018-06-09,132.901
Furniture,2018-06-10,514.165
Furniture,2018-06-11,455.212
Furniture,2018-06-12,1337.124
Furniture,2018-06-13,761.4380000000001
Furniture,2018-06-15,928.2079999999999
Furniture,2018-06-16,1514.92
Furniture,2018-06-17,155.25
Furniture,2018-06-18,917.9235
Furniture,2018-06-19,1256.385
Furniture,2018-06-21,17.92
Furniture,2018-06-22,487.96
Furniture,2018-06-24,449.454
Furniture,2018-06-25,1272.184
Furniture,2018-06-26,800.0020000000001
Furniture,2018-06-27,317.94599999999997
Furniture,2018-06-29,1381.2932
Furniture,2018-06-30,2105.661
Furniture,2018-07-03,1016.678
Furniture,2018-07-05,332.028
Furniture,2018-07-06,361.376
Furniture,2018-07-07,87.21
Furniture,2018-07-08,484.1
Furniture,2018-07-09,526.45
Furniture,2018-07-10,18.84
Furniture,2018-07-13,91.008
Furniture,2018-07-14,692.45
Furniture,2018-07-15,1847.529
Furniture,2018-07-16,71.372
Furniture,2018-07-17,1241.149
Furniture,2018-07-18,1473.888
Furniture,2018-07-20,539.4159999999999
Furniture,2018-07-21,661.4399999999999
Furniture,2018-07-22,526.344
Furniture,2018-07-25,456.79999999999995
Furniture,2018-07-26,362.352
Furniture,2018-07-27,129.802
Furniture,2018-07-29,418.63
Furniture,2018-07-31,36.96
Furniture,2018-08-03,307.332
Furniture,2018-08-06,161.14000000000001
Furniture,2018-08-07,258.93399999999997
Furniture,2018-08-10,121.3
Furniture,2018-08-12,1834.8200000000002
Furniture,2018-08-13,455.632
Furniture,2018-08-14,418.296
Furniture,2018-08-17,4970.114
Furniture,2018-08-18,204.38
Furniture,2018-08-21,2070.832
Furniture,2018-08-22,524.54
Furniture,2018-08-23,2.784
Furniture,2018-08-25,130.98
Furniture,2018-08-26,64.96
Furniture,2018-08-27,2037.74
Furniture,2018-08-28,1137.75
Furniture,2018-08-29,148.02
Furniture,2018-08-31,569.568
Furniture,2018-09-01,896.72
Furniture,2018-09-02,2016.0520000000001
Furniture,2018-09-03,620.631
Furniture,2018-09-04,3722.982
Furniture,2018-09-07,470.688
Furniture,2018-09-08,1000.239
Furniture,2018-09-09,482.56399999999996
Furniture,2018-09-10,362.352
Furniture,2018-09-11,2810.894
Furniture,2018-09-12,8.36
Furniture,2018-09-14,830.718
Furniture,2018-09-15,2612.768
Furniture,2018-09-16,22.512
Furniture,2018-09-17,2335.29
Furniture,2018-09-18,30.14
Furniture,2018-09-19,481.804
Furniture,2018-09-20,5496.174
Furniture,2018-09-22,254.03
Furniture,2018-09-23,804.732
Furniture,2018-09-24,1427.24
Furniture,2018-09-25,805.736
Furniture,2018-09-26,428.37600000000003
Furniture,2018-09-28,42.016000000000005
Furniture,2018-09-29,553.6880000000001
Furniture,2018-10-01,559.76
Furniture,2018-10-02,2758.464
Furniture,2018-10-03,255.20800000000003
Furniture,2018-10-04,19.98
Furniture,2018-10-05,935.802
Furniture,2018-10-06,41.96
Furniture,2018-10-07,462.43
Furniture,2018-10-08,145.764
Furniture,2018-10-09,1333.393
Furniture,2018-10-10,239.358
Furniture,2018-10-12,3123.3280000000004
Furniture,2018-10-13,1514.996
Furniture,2018-10-14,9.46
Furniture,2018-10-15,532.96
Furniture,2018-10-16,2422.558
Furniture,2018-10-19,531.1622
Furniture,2018-10-20,328.29999999999995
Furniture,2018-10-21,1470.238
Furniture,2018-10-22,1005.3409999999999
Furniture,2018-10-23,1193.4
Furniture,2018-10-24,517.405
Furniture,2018-10-26,356.85
Furniture,2018-10-27,746.241
Furniture,2018-10-28,77.952
Furniture,2018-10-30,1301.758
Furniture,2018-11-01,2665.62
Furniture,2018-11-02,1159.624
Furniture,2018-11-03,2524.05
Furniture,2018-11-04,523.764
Furniture,2018-11-05,396.024
Furniture,2018-11-06,2681.362
Furniture,2018-11-07,623.322
Furniture,2018-11-08,274.2
Furniture,2018-11-09,883.018
Furniture,2018-11-10,1482.52
Furniture,2018-11-11,123.84
Furniture,2018-11-12,250.304
Furniture,2018-11-13,2765.6532
Furniture,2018-11-14,321.568
Furniture,2018-11-15,559.2
Furniture,2018-11-16,289.59
Furniture,2018-11-17,515.4928
Furniture,2018-11-18,152.966
Furniture,2018-11-19,2603.165
Furniture,2018-11-20,880.8620000000001
Furniture,2018-11-21,98.4
Furniture,2018-11-23,186.697
Furniture,2018-11-24,1734.028
Furniture,2018-11-25,2639.309
Furniture,2018-11-26,1375.6000000000001
Furniture,2018-11-27,65.78
Furniture,2018-11-28,4659.14
Furniture,2018-11-29,491.888
Furniture,2018-11-30,4129.728
Furniture,2018-12-01,2542.292
Furniture,2018-12-02,3527.504
Furniture,2018-12-03,591.84
Furniture,2018-12-04,992.782
Furniture,2018-12-05,321.48
Furniture,2018-12-07,82.38
Furniture,2018-12-08,3368.265
Furniture,2018-12-09,1927.2330000000002
Furniture,2018-12-10,2102.2639999999997
Furniture,2018-12-11,1448.529
Furniture,2018-12-13,489.01599999999996
Furniture,2018-12-14,1852.5320000000002
Furniture,2018-12-15,22.77
Furniture,2018-12-16,197.712
Furniture,2018-12-17,629.26
Furniture,2018-12-18,1380.6810000000003
Furniture,2018-12-19,115.378
Furniture,2018-12-21,15.92
Furniture,2018-12-22,4086.456
Furniture,2018-12-23,282.114
Furniture,2018-12-24,1393.4940000000001
Furniture,2018-12-25,832.454
Furniture,2018-12-28,551.2568
Furniture,2018-12-29,2330.718
Furniture,2018-12-30,323.136
Office Supplies,2015-01-03,16.448
Office Supplies,2015-01-04,288.06
Office Supplies,2015-01-05,19.536
Office Supplies,2015-01-06,685.34
Office Supplies,2015-01-07,10.43
Office Supplies,2015-01-09,9.344
Office Supplies,2015-01-10,2.89
Office Supplies,2015-01-13,2027.116
Office Supplies,2015-01-16,48.66
Office Supplies,2015-01-18,64.864
Office Supplies,2015-01-19,197.124
Office Supplies,2015-01-20,560.4300000000001
Office Supplies,2015-01-23,40.08
Office Supplies,2015-01-26,536.72
Office Supplies,2015-01-27,93.66999999999999
Office Supplies,2015-01-28,3.928
Office Supplies,2015-01-30,240.5
Office Supplies,2015-02-02,30.686
Office Supplies,2015-02-03,97.11200000000001
Office Supplies,2015-02-04,134.38400000000001
Office Supplies,2015-02-06,23.951999999999998
Office Supplies,2015-02-07,64.96
Office Supplies,2015-02-11,158.9
Office Supplies,2015-02-14,336.756
Office Supplies,2015-02-15,21.36
Office Supplies,2015-02-16,9.04
Office Supplies,2015-02-17,54.208
Office Supplies,2015-02-18,12.624
Office Supplies,2015-02-20,12.96
Office Supplies,2015-02-21,8.85
Office Supplies,2015-02-22,19.44
Office Supplies,2015-02-23,11.364
Office Supplies,2015-02-24,55.672
Office Supplies,2015-02-27,19.456
Office Supplies,2015-03-01,303.216
Office Supplies,2015-03-02,47.76
Office Supplies,2015-03-03,407.09999999999997
Office Supplies,2015-03-04,370.452
Office Supplies,2015-03-05,225.59199999999998
Office Supplies,2015-03-07,594.078
Office Supplies,2015-03-10,741.956
Office Supplies,2015-03-11,289.064
Office Supplies,2015-03-14,310.92
Office Supplies,2015-03-15,325.086
Office Supplies,2015-03-17,695.128
Office Supplies,2015-03-18,1904.518
Office Supplies,2015-03-19,71.538
Office Supplies,2015-03-21,358.558
Office Supplies,2015-03-22,149.741
Office Supplies,2015-03-23,340.31199999999995
Office Supplies,2015-03-24,24.9
Office Supplies,2015-03-25,46.88
Office Supplies,2015-03-26,50.046
Office Supplies,2015-03-28,6.12
Office Supplies,2015-03-30,585.4100000000001
Office Supplies,2015-03-31,754.08
Office Supplies,2015-04-01,119.88799999999999
Office Supplies,2015-04-02,230.948
Office Supplies,2015-04-04,370.394
Office Supplies,2015-04-05,5150.7480000000005
Office Supplies,2015-04-06,266.652
Office Supplies,2015-04-07,181.29
Office Supplies,2015-04-08,71.168
Office Supplies,2015-04-11,113.944
Office Supplies,2015-04-12,50.488
Office Supplies,2015-04-13,566.648
Office Supplies,2015-04-15,106.96
Office Supplies,2015-04-16,39.072
Office Supplies,2015-04-18,187.53
Office Supplies,2015-04-19,129.32999999999998
Office Supplies,2015-04-20,44.84
Office Supplies,2015-04-21,845.36
Office Supplies,2015-04-22,257.752
Office Supplies,2015-04-23,58.9
Office Supplies,2015-04-25,287.32800000000003
Office Supplies,2015-04-26,52.288
Office Supplies,2015-04-28,738.5360000000001
Office Supplies,2015-04-29,117.86
Office Supplies,2015-04-30,1000.95
Office Supplies,2015-05-02,26.136
Office Supplies,2015-05-03,72.632
Office Supplies,2015-05-04,147.792
Office Supplies,2015-05-05,133.108
Office Supplies,2015-05-06,254.456
Office Supplies,2015-05-07,24.78
Office Supplies,2015-05-09,158.71
Office Supplies,2015-05-10,261.45
Office Supplies,2015-05-11,157.962
Office Supplies,2015-05-13,468.95599999999996
Office Supplies,2015-05-17,91.68
Office Supplies,2015-05-18,15.936
Office Supplies,2015-05-19,91.62
Office Supplies,2015-05-20,149.12800000000001
Office Supplies,2015-05-21,3538.586
Office Supplies,2015-05-23,268.57
Office Supplies,2015-05-24,116.28
Office Supplies,2015-05-25,90.22
Office Supplies,2015-05-26,164.416
Office Supplies,2015-05-27,376.78
Office Supplies,2015-05-28,136.96
Office Supplies,2015-05-30,385.48199999999997
Office Supplies,2015-06-01,2282.5299999999997
Office Supplies,2015-06-02,425.308
Office Supplies,2015-06-03,15.28
Office Supplies,2015-06-04,31.784
Office Supplies,2015-06-06,382.237
Office Supplies,2015-06-07,12.462
Office Supplies,2015-06-08,1745.3600000000001
Office Supplies,2015-06-09,338.712
Office Supplies,2015-06-10,491.55
Office Supplies,2015-06-13,14.52
Office Supplies,2015-06-15,45.111999999999995
Office Supplies,2015-06-16,115.952
Office Supplies,2015-06-17,3284.2760000000003
Office Supplies,2015-06-20,1015.5
Office Supplies,2015-06-21,255.92000000000002
Office Supplies,2015-06-22,671.976
Office Supplies,2015-06-23,23.119999999999997
Office Supplies,2015-06-25,80.96000000000001
Office Supplies,2015-06-27,306.2
Office Supplies,2015-06-28,417.32599999999996
Office Supplies,2015-06-29,46.68
Office Supplies,2015-06-30,739.6239999999999
Office Supplies,2015-07-01,25.104000000000003
Office Supplies,2015-07-02,5.58
Office Supplies,2015-07-04,247.40800000000002
Office Supplies,2015-07-05,731.398
Office Supplies,2015-07-08,196.704
Office Supplies,2015-07-09,145.68800000000002
Office Supplies,2015-07-11,269.368
Office Supplies,2015-07-12,346.39
Office Supplies,2015-07-14,184.856
Office Supplies,2015-07-15,6.54
Office Supplies,2015-07-18,13.904
Office Supplies,2015-07-19,30.785999999999998
Office Supplies,2015-07-20,1202.714
Office Supplies,2015-07-21,193.156
Office Supplies,2015-07-22,300.292
Office Supplies,2015-07-23,58.1
Office Supplies,2015-07-25,8263.369999999999
Office Supplies,2015-07-26,2494.526
Office Supplies,2015-07-27,342.05999999999995
Office Supplies,2015-07-28,63.264
Office Supplies,2015-08-01,184.20000000000002
Office Supplies,2015-08-02,865.08
Office Supplies,2015-08-03,259.244
Office Supplies,2015-08-04,2087.774
Office Supplies,2015-08-05,293.65
Office Supplies,2015-08-08,705.275
Office Supplies,2015-08-09,2116.965
Office Supplies,2015-08-11,439.27
Office Supplies,2015-08-12,495.026
Office Supplies,2015-08-15,337.5
Office Supplies,2015-08-17,160.382
Office Supplies,2015-08-19,511.04600000000005
Office Supplies,2015-08-20,917.11
Office Supplies,2015-08-22,23.104
Office Supplies,2015-08-23,417.36
Office Supplies,2015-08-24,46.46
Office Supplies,2015-08-25,342.326
Office Supplies,2015-08-26,29.36
Office Supplies,2015-08-27,44.64
Office Supplies,2015-08-29,658.264
Office Supplies,2015-08-30,121.24
Office Supplies,2015-09-01,112.436
Office Supplies,2015-09-02,1907.81
Office Supplies,2015-09-03,22.08
Office Supplies,2015-09-05,264.32
Office Supplies,2015-09-06,58.48
Office Supplies,2015-09-07,651.076
Office Supplies,2015-09-08,1692.2559999999999
Office Supplies,2015-09-09,1679.354
Office Supplies,2015-09-10,113.28800000000001
Office Supplies,2015-09-12,936.202
Office Supplies,2015-09-13,206.162
Office Supplies,2015-09-14,1289.0159999999998
Office Supplies,2015-09-15,14.94
Office Supplies,2015-09-16,33.552
Office Supplies,2015-09-17,651.354
Office Supplies,2015-09-19,172.694
Office Supplies,2015-09-20,213.368
Office Supplies,2015-09-21,384.77
Office Supplies,2015-09-22,563.298
Office Supplies,2015-09-23,10142.354000000001
Office Supplies,2015-09-24,211.96
Office Supplies,2015-09-25,54.356
Office Supplies,2015-09-26,571.334
Office Supplies,2015-09-27,81.98
Office Supplies,2015-09-28,153.204
Office Supplies,2015-09-29,4269.362
Office Supplies,2015-09-30,972.292
Office Supplies,2015-10-01,4.71
Office Supplies,2015-10-02,42.208
Office Supplies,2015-10-03,164.356
Office Supplies,2015-10-04,139.338
Office Supplies,2015-10-05,91.92
Office Supplies,2015-10-06,485.62
Office Supplies,2015-10-07,107.44
Office Supplies,2015-10-08,123.92
Office Supplies,2015-10-09,233.368
Office Supplies,2015-10-10,302.272
Office Supplies,2015-10-11,530.206
Office Supplies,2015-10-12,58.53
Office Supplies,2015-10-13,618.912
Office Supplies,2015-10-14,719.704
Office Supplies,2015-10-15,7.968
Office Supplies,2015-10-16,14.352
Office Supplies,2015-10-17,10.78
Office Supplies,2015-10-18,588.746
Office Supplies,2015-10-19,201.97599999999997
Office Supplies,2015-10-20,852.546
Office Supplies,2015-10-21,355.692
Office Supplies,2015-10-24,56.489999999999995
Office Supplies,2015-10-25,63.106
Office Supplies,2015-10-27,22.32
Office Supplies,2015-10-28,635.604
Office Supplies,2015-10-29,75.88
Office Supplies,2015-10-31,703.164
Office Supplies,2015-11-01,1487.352
Office Supplies,2015-11-02,417.02200000000005
Office Supplies,2015-11-03,554.845
Office Supplies,2015-11-04,206.566
Office Supplies,2015-11-05,1093.29
Office Supplies,2015-11-07,619.31
Office Supplies,2015-11-09,590.94
Office Supplies,2015-11-10,733.01
Office Supplies,2015-11-11,4137.856
Office Supplies,2015-11-12,125.08
Office Supplies,2015-11-14,132.536
Office Supplies,2015-11-15,998.242
Office Supplies,2015-11-16,658.73
Office Supplies,2015-11-17,6174.214
Office Supplies,2015-11-18,665.571
Office Supplies,2015-11-19,639.02
Office Supplies,2015-11-20,73.62
Office Supplies,2015-11-21,849.682
Office Supplies,2015-11-22,1103.298
Office Supplies,2015-11-23,180.64600000000002
Office Supplies,2015-11-24,1878.92
Office Supplies,2015-11-25,1548.136
Office Supplies,2015-11-26,968.394
Office Supplies,2015-11-27,3.76
Office Supplies,2015-11-28,333.118
Office Supplies,2015-11-29,73.124
Office Supplies,2015-11-30,116.914
Office Supplies,2015-12-01,82.928
Office Supplies,2015-12-02,243.298
Office Supplies,2015-12-03,25.92
Office Supplies,2015-12-05,2170.252
Office Supplies,2015-12-06,1410.7459999999999
Office Supplies,2015-12-07,548.4
Office Supplies,2015-12-08,215.28
Office Supplies,2015-12-09,442.676
Office Supplies,2015-12-10,234.98399999999998
Office Supplies,2015-12-12,242.804
Office Supplies,2015-12-13,110.764
Office Supplies,2015-12-14,19.887999999999998
Office Supplies,2015-12-16,153.639
Office Supplies,2015-12-17,45.534
Office Supplies,2015-12-19,250.15599999999998
Office Supplies,2015-12-20,2337.266
Office Supplies,2015-12-21,35.519999999999996
Office Supplies,2015-12-22,798.968
Office Supplies,2015-12-23,824.008
Office Supplies,2015-12-24,548.698
Office Supplies,2015-12-26,688.256
Office Supplies,2015-12-27,1255.59
Office Supplies,2015-12-28,2682.326
Office Supplies,2015-12-29,505.25199999999995
Office Supplies,2015-12-30,774.611
Office Supplies,2015-12-31,308.728
Office Supplies,2016-01-02,139.07999999999998
Office Supplies,2016-01-03,17.424
Office Supplies,2016-01-04,72.24000000000001
Office Supplies,2016-01-05,233.688
Office Supplies,2016-01-06,31.538
Office Supplies,2016-01-09,364.07
Office Supplies,2016-01-12,475.548
Office Supplies,2016-01-13,79.828
Office Supplies,2016-01-17,95.63999999999999
Office Supplies,2016-01-23,43.66
Office Supplies,2016-01-24,13.12
Office Supplies,2016-01-26,182.72
Office Supplies,2016-01-30,14.304
Office Supplies,2016-01-31,45.92
Office Supplies,2016-02-03,86.664
Office Supplies,2016-02-06,861.276
Office Supplies,2016-02-07,324.10999999999996
Office Supplies,2016-02-08,21.11
Office Supplies,2016-02-09,40.096
Office Supplies,2016-02-10,77.24
Office Supplies,2016-02-14,58.013999999999996
Office Supplies,2016-02-15,627.48
Office Supplies,2016-02-16,160.43
Office Supplies,2016-02-18,70.3
Office Supplies,2016-02-20,286.79
Office Supplies,2016-02-21,2591.1
Office Supplies,2016-02-22,79.36
Office Supplies,2016-02-23,37.775999999999996
Office Supplies,2016-02-25,25.869999999999997
Office Supplies,2016-02-27,20.451
Office Supplies,2016-03-01,117.6
Office Supplies,2016-03-02,112.03999999999999
Office Supplies,2016-03-05,915.698
Office Supplies,2016-03-07,99.72
Office Supplies,2016-03-08,46.396
Office Supplies,2016-03-09,4.608
Office Supplies,2016-03-10,90.93199999999999
Office Supplies,2016-03-12,13.728000000000002
Office Supplies,2016-03-14,707.9000000000001
Office Supplies,2016-03-16,6929.219999999999
Office Supplies,2016-03-17,33.82
Office Supplies,2016-03-19,1600.384
Office Supplies,2016-03-20,102.52000000000001
Office Supplies,2016-03-21,1270.3790000000001
Office Supplies,2016-03-22,419.168
Office Supplies,2016-03-23,285.56
Office Supplies,2016-03-24,6.992
Office Supplies,2016-03-26,114.384
Office Supplies,2016-03-27,83.7
Office Supplies,2016-03-28,77.104
Office Supplies,2016-03-29,318.99
Office Supplies,2016-03-30,23.52
Office Supplies,2016-03-31,98.376
Office Supplies,2016-04-02,41.348
Office Supplies,2016-04-04,765.268
Office Supplies,2016-04-05,877.886
Office Supplies,2016-04-06,114.516
Office Supplies,2016-04-07,523.484
Office Supplies,2016-04-09,388.08
Office Supplies,2016-04-10,169.54199999999997
Office Supplies,2016-04-11,459.36
Office Supplies,2016-04-13,202.814
Office Supplies,2016-04-14,35.208
Office Supplies,2016-04-16,142.138
Office Supplies,2016-04-17,1538.1760000000002
Office Supplies,2016-04-18,1363.464
Office Supplies,2016-04-19,329.96
Office Supplies,2016-04-20,311.37600000000003
Office Supplies,2016-04-21,21.3
Office Supplies,2016-04-22,64.14
Office Supplies,2016-04-24,25.99
Office Supplies,2016-04-25,792.8879999999999
Office Supplies,2016-04-26,185.28
Office Supplies,2016-04-27,72.14
Office Supplies,2016-04-28,4044.3619999999996
Office Supplies,2016-04-29,7.968
Office Supplies,2016-04-30,41.129999999999995
Office Supplies,2016-05-01,298.636
Office Supplies,2016-05-02,8.856
Office Supplies,2016-05-03,321.252
Office Supplies,2016-05-04,125.93
Office Supplies,2016-05-07,61.616
Office Supplies,2016-05-08,464.538
Office Supplies,2016-05-09,48.81
Office Supplies,2016-05-10,107.75399999999999
Office Supplies,2016-05-12,217.646
Office Supplies,2016-05-13,16.0
Office Supplies,2016-05-14,1688.412
Office Supplies,2016-05-15,69.908
Office Supplies,2016-05-17,47.368
Office Supplies,2016-05-18,10.86
Office Supplies,2016-05-20,6.408
Office Supplies,2016-05-21,72.332
Office Supplies,2016-05-22,113.05000000000001
Office Supplies,2016-05-23,1229.626
Office Supplies,2016-05-24,7.656
Office Supplies,2016-05-25,1049.664
Office Supplies,2016-05-26,184.22400000000002
Office Supplies,2016-05-28,748.156
Office Supplies,2016-05-29,761.1600000000001
Office Supplies,2016-05-30,160.32
Office Supplies,2016-05-31,1121.3980000000001
Office Supplies,2016-06-01,492.318
Office Supplies,2016-06-04,47.08
Office Supplies,2016-06-05,10.56
Office Supplies,2016-06-07,59.768
Office Supplies,2016-06-08,143.128
Office Supplies,2016-06-09,228.78
Office Supplies,2016-06-11,1868.528
Office Supplies,2016-06-12,75.196
Office Supplies,2016-06-13,160.948
Office Supplies,2016-06-15,91.93599999999999
Office Supplies,2016-06-16,3112.552
Office Supplies,2016-06-18,635.7810000000001
Office Supplies,2016-06-19,433.78599999999994
Office Supplies,2016-06-22,1222.528
Office Supplies,2016-06-23,171.41
Office Supplies,2016-06-25,576.846
Office Supplies,2016-06-26,245.476
Office Supplies,2016-06-28,21.456
Office Supplies,2016-06-29,24.96
Office Supplies,2016-07-02,607.284
Office Supplies,2016-07-03,301.65000000000003
Office Supplies,2016-07-04,38.328
Office Supplies,2016-07-05,76.99000000000001
Office Supplies,2016-07-06,612.77
Office Supplies,2016-07-08,21.12
Office Supplies,2016-07-09,670.202
Office Supplies,2016-07-10,43.286
Office Supplies,2016-07-11,369.48400000000004
Office Supplies,2016-07-12,8.84
Office Supplies,2016-07-13,102.21600000000001
Office Supplies,2016-07-14,291.23199999999997
Office Supplies,2016-07-16,229.64999999999998
Office Supplies,2016-07-17,20.696
Office Supplies,2016-07-18,5.76
Office Supplies,2016-07-19,2.025
Office Supplies,2016-07-20,410.01
Office Supplies,2016-07-23,79.452
Office Supplies,2016-07-24,225.15
Office Supplies,2016-07-25,146.016
Office Supplies,2016-07-26,299.34000000000003
Office Supplies,2016-07-30,72.712
Office Supplies,2016-07-31,72.03
Office Supplies,2016-08-01,6.72
Office Supplies,2016-08-02,14.768
Office Supplies,2016-08-05,57.89
Office Supplies,2016-08-06,125.67
Office Supplies,2016-08-07,260.296
Office Supplies,2016-08-08,615.328
Office Supplies,2016-08-09,1586.786
Office Supplies,2016-08-10,273.16200000000003
Office Supplies,2016-08-11,11.96
Office Supplies,2016-08-13,555.336
Office Supplies,2016-08-15,393.36
Office Supplies,2016-08-16,392.182
Office Supplies,2016-08-17,98.76
Office Supplies,2016-08-21,1050.944
Office Supplies,2016-08-22,66.632
Office Supplies,2016-08-23,950.368
Office Supplies,2016-08-24,2175.804
Office Supplies,2016-08-25,109.758
Office Supplies,2016-08-27,639.974
Office Supplies,2016-08-28,2132.8900000000003
Office Supplies,2016-08-31,216.52
Office Supplies,2016-09-01,1222.48
Office Supplies,2016-09-03,1259.338
Office Supplies,2016-09-04,316.95799999999997
Office Supplies,2016-09-05,155.452
Office Supplies,2016-09-06,71.78999999999999
Office Supplies,2016-09-07,924.6669999999999
Office Supplies,2016-09-08,68.28
Office Supplies,2016-09-10,767.1999999999999
Office Supplies,2016-09-11,1697.9
Office Supplies,2016-09-12,205.86
Office Supplies,2016-09-13,93.25800000000001
Office Supplies,2016-09-14,1299.5500000000002
Office Supplies,2016-09-15,498.996
Office Supplies,2016-09-16,31.12
Office Supplies,2016-09-17,493.99399999999997
Office Supplies,2016-09-18,1422.88
Office Supplies,2016-09-19,31.36
Office Supplies,2016-09-20,1836.052
Office Supplies,2016-09-21,1431.87
Office Supplies,2016-09-22,912.948
Office Supplies,2016-09-24,1359.8439999999998
Office Supplies,2016-09-25,350.579
Office Supplies,2016-09-26,1378.289
Office Supplies,2016-09-27,486.79
Office Supplies,2016-09-28,713.6
Office Supplies,2016-10-01,164.866
Office Supplies,2016-10-02,611.2339999999999
Office Supplies,2016-10-03,47.078
Office Supplies,2016-10-04,47.696
Office Supplies,2016-10-05,152.59
Office Supplies,2016-10-08,3.44
Office Supplies,2016-10-09,462.495
Office Supplies,2016-10-10,1855.008
Office Supplies,2016-10-11,22.368
Office Supplies,2016-10-12,166.26
Office Supplies,2016-10-15,13.768
Office Supplies,2016-10-17,77.88
Office Supplies,2016-10-18,91.104
Office Supplies,2016-10-19,1715.14
Office Supplies,2016-10-20,24.56
Office Supplies,2016-10-22,15.128
Office Supplies,2016-10-23,140.744
Office Supplies,2016-10-24,29.512
Office Supplies,2016-10-25,139.81
Office Supplies,2016-10-26,1221.029
Office Supplies,2016-10-28,47.300000000000004
Office Supplies,2016-10-29,244.24
Office Supplies,2016-10-30,182.91
Office Supplies,2016-10-31,1166.2
Office Supplies,2016-11-01,24.567999999999998
Office Supplies,2016-11-02,356.532
Office Supplies,2016-11-03,6.608
Office Supplies,2016-11-05,627.874
Office Supplies,2016-11-06,11.481
Office Supplies,2016-11-07,1814.283
Office Supplies,2016-11-08,768.761
Office Supplies,2016-11-09,360.082
Office Supplies,2016-11-10,2877.794
Office Supplies,2016-11-11,542.178
Office Supplies,2016-11-12,357.144
Office Supplies,2016-11-13,560.3720000000001
Office Supplies,2016-11-14,925.75
Office Supplies,2016-11-15,662.21
Office Supplies,2016-11-16,743.458
Office Supplies,2016-11-17,1802.99
Office Supplies,2016-11-19,37.064
Office Supplies,2016-11-20,637.738
Office Supplies,2016-11-21,506.05400000000003
Office Supplies,2016-11-22,347.384
Office Supplies,2016-11-23,3142.2079999999996
Office Supplies,2016-11-24,1125.0240000000001
Office Supplies,2016-11-25,13.12
Office Supplies,2016-11-26,191.62
Office Supplies,2016-11-27,404.77
Office Supplies,2016-11-28,590.616
Office Supplies,2016-11-29,1329.818
Office Supplies,2016-11-30,410.797
Office Supplies,2016-12-01,529.914
Office Supplies,2016-12-03,907.526
Office Supplies,2016-12-04,2035.4840000000002
Office Supplies,2016-12-05,503.808
Office Supplies,2016-12-06,2171.83
Office Supplies,2016-12-07,200.518
Office Supplies,2016-12-08,598.368
Office Supplies,2016-12-09,34.02
Office Supplies,2016-12-10,481.118
Office Supplies,2016-12-11,529.748
Office Supplies,2016-12-12,611.118
Office Supplies,2016-12-13,243.92000000000002
Office Supplies,2016-12-14,68.15599999999999
Office Supplies,2016-12-15,158.512
Office Supplies,2016-12-16,4.98
Office Supplies,2016-12-17,536.866
Office Supplies,2016-12-18,748.728
Office Supplies,2016-12-19,691.9079999999999
Office Supplies,2016-12-20,217.286
Office Supplies,2016-12-21,151.208
Office Supplies,2016-12-22,50.688
Office Supplies,2016-12-23,194.32
Office Supplies,2016-12-24,428.67
Office Supplies,2016-12-25,653.564
Office Supplies,2016-12-26,234.83999999999997
Office Supplies,2016-12-27,1305.924
Office Supplies,2016-12-28,24.816
Office Supplies,2016-12-30,414.9
Office Supplies,2016-12-31,1366.584
Office Supplies,2017-01-03,126.33999999999999
Office Supplies,2017-01-04,109.252
Office Supplies,2017-01-05,5.248
Office Supplies,2017-01-07,60.5
Office Supplies,2017-01-08,184.494
Office Supplies,2017-01-11,78.864
Office Supplies,2017-01-14,89.568
Office Supplies,2017-01-15,265.156
Office Supplies,2017-01-16,11.648
Office Supplies,2017-01-22,176.77
Office Supplies,2017-01-23,1572.33
Office Supplies,2017-01-24,31.36
Office Supplies,2017-01-25,499.01
Office Supplies,2017-01-28,39.68
Office Supplies,2017-01-30,557.5
Office Supplies,2017-01-31,1491.962
Office Supplies,2017-02-01,161.97
Office Supplies,2017-02-02,154.35999999999999
Office Supplies,2017-02-04,93.02
Office Supplies,2017-02-05,1428.28
Office Supplies,2017-02-07,38.182
Office Supplies,2017-02-12,1366.04
Office Supplies,2017-02-13,146.82
Office Supplies,2017-02-14,276.93
Office Supplies,2017-02-15,407.072
Office Supplies,2017-02-16,110.02399999999999
Office Supplies,2017-02-19,348.2
Office Supplies,2017-02-20,16.496
Office Supplies,2017-02-21,1266.406
Office Supplies,2017-02-22,500.96999999999997
Office Supplies,2017-02-23,57.576
Office Supplies,2017-02-25,46.72
Office Supplies,2017-02-27,227.7
Office Supplies,2017-02-28,147.584
Office Supplies,2017-03-01,389.3
Office Supplies,2017-03-03,4651.41
Office Supplies,2017-03-04,155.47
Office Supplies,2017-03-05,162.344
Office Supplies,2017-03-06,6.105
Office Supplies,2017-03-08,474.35400000000004
Office Supplies,2017-03-09,80.95
Office Supplies,2017-03-10,119.596
Office Supplies,2017-03-11,498.78
Office Supplies,2017-03-12,924.29
Office Supplies,2017-03-13,6194.303
Office Supplies,2017-03-14,192.632
Office Supplies,2017-03-15,369.984
Office Supplies,2017-03-17,1174.0700000000002
Office Supplies,2017-03-18,871.8
Office Supplies,2017-03-19,31.086
Office Supplies,2017-03-20,47.925000000000004
Office Supplies,2017-03-21,17.904
Office Supplies,2017-03-24,41.135999999999996
Office Supplies,2017-03-25,59.52
Office Supplies,2017-03-26,562.27
Office Supplies,2017-03-27,32.54
Office Supplies,2017-03-28,125.3
Office Supplies,2017-03-29,130.136
Office Supplies,2017-03-30,11.34
Office Supplies,2017-04-01,788.838
Office Supplies,2017-04-03,110.11800000000001
Office Supplies,2017-04-04,647.6139999999999
Office Supplies,2017-04-05,927.5519999999999
Office Supplies,2017-04-07,41.58
Office Supplies,2017-04-08,1450.2679999999998
Office Supplies,2017-04-09,40.632
Office Supplies,2017-04-10,950.5939999999999
Office Supplies,2017-04-12,365.97
Office Supplies,2017-04-13,6.12
Office Supplies,2017-04-14,149.236
Office Supplies,2017-04-15,379.58399999999995
Office Supplies,2017-04-16,190.028
Office Supplies,2017-04-17,29.05
Office Supplies,2017-04-18,2012.7259999999999
Office Supplies,2017-04-19,1143.016
Office Supplies,2017-04-21,271.616
Office Supplies,2017-04-22,351.095
Office Supplies,2017-04-23,620.378
Office Supplies,2017-04-24,22.644
Office Supplies,2017-04-25,25.62
Office Supplies,2017-04-28,45.184
Office Supplies,2017-04-30,7.712
Office Supplies,2017-05-01,147.246
Office Supplies,2017-05-02,213.51600000000002
Office Supplies,2017-05-03,257.61199999999997
Office Supplies,2017-05-05,205.168
Office Supplies,2017-05-06,114.472
Office Supplies,2017-05-07,129.632
Office Supplies,2017-05-08,1070.172
Office Supplies,2017-05-09,1170.396
Office Supplies,2017-05-10,19.032
Office Supplies,2017-05-11,5.98
Office Supplies,2017-05-12,156.898
Office Supplies,2017-05-14,117.226
Office Supplies,2017-05-15,648.9119999999999
Office Supplies,2017-05-16,597.6199999999999
Office Supplies,2017-05-17,151.074
Office Supplies,2017-05-18,122.22
Office Supplies,2017-05-19,864.368
Office Supplies,2017-05-20,58.753
Office Supplies,2017-05-21,200.378
Office Supplies,2017-05-22,704.45
Office Supplies,2017-05-23,21.642
Office Supplies,2017-05-24,277.756
Office Supplies,2017-05-25,1287.01
Office Supplies,2017-05-26,338.856
Office Supplies,2017-05-27,1769.418
Office Supplies,2017-05-28,770.652
Office Supplies,2017-05-29,38.475
Office Supplies,2017-05-30,1436.692
Office Supplies,2017-05-31,36.016
Office Supplies,2017-06-02,157.844
Office Supplies,2017-06-04,124.148
Office Supplies,2017-06-05,659.82
Office Supplies,2017-06-06,1090.48
Office Supplies,2017-06-07,51.562
Office Supplies,2017-06-10,76.716
Office Supplies,2017-06-11,78.22
Office Supplies,2017-06-12,1453.1480000000001
Office Supplies,2017-06-13,52.467999999999996
Office Supplies,2017-06-14,55.616
Office Supplies,2017-06-15,173.488
Office Supplies,2017-06-16,55.8
Office Supplies,2017-06-17,718.52
Office Supplies,2017-06-18,541.938
Office Supplies,2017-06-19,17.12
Office Supplies,2017-06-20,840.6220000000001
Office Supplies,2017-06-21,223.54000000000002
Office Supplies,2017-06-23,1612.75
Office Supplies,2017-06-24,355.002
Office Supplies,2017-06-25,353.25
Office Supplies,2017-06-26,1549.2240000000002
Office Supplies,2017-06-27,37.464
Office Supplies,2017-06-28,395.22
Office Supplies,2017-06-29,191.88
Office Supplies,2017-06-30,35.97
Office Supplies,2017-07-01,193.586
Office Supplies,2017-07-02,49.172000000000004
Office Supplies,2017-07-03,847.7
Office Supplies,2017-07-04,71.88
Office Supplies,2017-07-07,204.999
Office Supplies,2017-07-08,158.048
Office Supplies,2017-07-10,553.904
Office Supplies,2017-07-14,548.09
Office Supplies,2017-07-15,149.92
Office Supplies,2017-07-16,186.28
Office Supplies,2017-07-17,1101.526
Office Supplies,2017-07-18,1281.12
Office Supplies,2017-07-19,420.02
Office Supplies,2017-07-21,627.175
Office Supplies,2017-07-22,1219.03
Office Supplies,2017-07-23,273.976
Office Supplies,2017-07-24,73.2
Office Supplies,2017-07-25,542.624
Office Supplies,2017-07-28,1528.504
Office Supplies,2017-07-29,819.154
Office Supplies,2017-07-30,1770.776
Office Supplies,2017-07-31,283.14
Office Supplies,2017-08-01,65.608
Office Supplies,2017-08-02,12.544
Office Supplies,2017-08-03,81.54
Office Supplies,2017-08-04,85.726
Office Supplies,2017-08-05,197.05
Office Supplies,2017-08-06,109.22
Office Supplies,2017-08-08,602.18
Office Supplies,2017-08-09,616.5699999999999
Office Supplies,2017-08-11,151.82
Office Supplies,2017-08-12,1634.812
Office Supplies,2017-08-13,417.584
Office Supplies,2017-08-14,31.092
Office Supplies,2017-08-15,199.82
Office Supplies,2017-08-16,43.26
Office Supplies,2017-08-17,15.712
Office Supplies,2017-08-18,441.228
Office Supplies,2017-08-19,448.792
Office Supplies,2017-08-21,143.856
Office Supplies,2017-08-22,307.02200000000005
Office Supplies,2017-08-23,2126.056
Office Supplies,2017-08-26,383.238
Office Supplies,2017-08-27,463.326
Office Supplies,2017-08-28,57.076
Office Supplies,2017-08-29,108.41199999999999
Office Supplies,2017-08-30,192.22799999999998
Office Supplies,2017-08-31,23.968
Office Supplies,2017-09-01,4993.393999999999
Office Supplies,2017-09-02,689.7510000000001
Office Supplies,2017-09-03,1442.4180000000001
Office Supplies,2017-09-04,1321.322
Office Supplies,2017-09-05,1217.647
Office Supplies,2017-09-06,229.74
Office Supplies,2017-09-08,966.29
Office Supplies,2017-09-09,69.984
Office Supplies,2017-09-10,553.754
Office Supplies,2017-09-11,501.032
Office Supplies,2017-09-12,196.268
Office Supplies,2017-09-13,858.3699999999999
Office Supplies,2017-09-14,699.4879999999999
Office Supplies,2017-09-15,972.7919999999999
Office Supplies,2017-09-16,30.44
Office Supplies,2017-09-17,600.1
Office Supplies,2017-09-18,1292.358
Office Supplies,2017-09-19,1990.038
Office Supplies,2017-09-20,952.644
Office Supplies,2017-09-22,253.454
Office Supplies,2017-09-23,207.719
Office Supplies,2017-09-24,1354.848
Office Supplies,2017-09-25,742.622
Office Supplies,2017-09-26,538.71
Office Supplies,2017-09-27,34.737
Office Supplies,2017-09-28,99.136
Office Supplies,2017-09-29,202.382
Office Supplies,2017-09-30,1.964
Office Supplies,2017-10-01,64.716
Office Supplies,2017-10-02,953.022
Office Supplies,2017-10-03,128.188
Office Supplies,2017-10-04,209.252
Office Supplies,2017-10-06,58.730000000000004
Office Supplies,2017-10-07,136.112
Office Supplies,2017-10-08,509.824
Office Supplies,2017-10-09,20.544
Office Supplies,2017-10-10,24.703
Office Supplies,2017-10-11,33.064
Office Supplies,2017-10-13,440.932
Office Supplies,2017-10-14,291.912
Office Supplies,2017-10-15,1614.65
Office Supplies,2017-10-17,2261.73
Office Supplies,2017-10-20,123.572
Office Supplies,2017-10-21,5470.687999999999
Office Supplies,2017-10-22,15.02
Office Supplies,2017-10-23,451.26599999999996
Office Supplies,2017-10-24,15.552
Office Supplies,2017-10-27,219.966
Office Supplies,2017-10-28,1485.2769999999998
Office Supplies,2017-10-29,64.154
Office Supplies,2017-10-30,159.002
Office Supplies,2017-10-31,1484.7740000000001
Office Supplies,2017-11-01,363.462
Office Supplies,2017-11-03,1913.076
Office Supplies,2017-11-04,1194.828
Office Supplies,2017-11-05,464.82
Office Supplies,2017-11-06,209.72
Office Supplies,2017-11-07,924.172
Office Supplies,2017-11-10,2113.758
Office Supplies,2017-11-11,1021.728
Office Supplies,2017-11-12,520.626
Office Supplies,2017-11-13,611.098
Office Supplies,2017-11-14,113.596
Office Supplies,2017-11-15,1054.928
Office Supplies,2017-11-16,36.72
Office Supplies,2017-11-17,75.508
Office Supplies,2017-11-18,1425.7120000000002
Office Supplies,2017-11-19,532.2139999999999
Office Supplies,2017-11-20,620.623
Office Supplies,2017-11-21,145.82
Office Supplies,2017-11-22,253.132
Office Supplies,2017-11-23,15.8
Office Supplies,2017-11-24,1538.086
Office Supplies,2017-11-25,1115.728
Office Supplies,2017-11-26,419.571
Office Supplies,2017-11-27,457.084
Office Supplies,2017-11-28,2456.018
Office Supplies,2017-11-30,543.98
Office Supplies,2017-12-01,4382.352
Office Supplies,2017-12-02,3020.262
Office Supplies,2017-12-03,1478.978
Office Supplies,2017-12-04,752.346
Office Supplies,2017-12-05,1678.934
Office Supplies,2017-12-06,1791.222
Office Supplies,2017-12-08,463.891
Office Supplies,2017-12-09,588.0490000000001
Office Supplies,2017-12-10,1662.012
Office Supplies,2017-12-11,1451.6000000000001
Office Supplies,2017-12-12,165.09300000000002
Office Supplies,2017-12-13,15.936
Office Supplies,2017-12-14,216.93
Office Supplies,2017-12-15,405.192
Office Supplies,2017-12-16,43.412
Office Supplies,2017-12-17,10016.014
Office Supplies,2017-12-18,4813.818
Office Supplies,2017-12-19,55.222
Office Supplies,2017-12-20,49.32
Office Supplies,2017-12-22,112.26400000000001
Office Supplies,2017-12-23,1589.7510000000002
Office Supplies,2017-12-24,641.09
Office Supplies,2017-12-25,205.13799999999998
Office Supplies,2017-12-26,175.06
Office Supplies,2017-12-27,74.00200000000001
Office Supplies,2017-12-29,452.67
Office Supplies,2017-12-30,602.988
Office Supplies,2017-12-31,429.392
Office Supplies,2018-01-01,506.33799999999997
Office Supplies,2018-01-02,453.834
Office Supplies,2018-01-03,2070.272
Office Supplies,2018-01-06,33.74
Office Supplies,2018-01-07,335.608
Office Supplies,2018-01-09,274.491
Office Supplies,2018-01-12,810.84
Office Supplies,2018-01-13,4406.39
Office Supplies,2018-01-14,408.37
Office Supplies,2018-01-15,2029.7040000000002
Office Supplies,2018-01-16,5500.03
Office Supplies,2018-01-19,664.8760000000001
Office Supplies,2018-01-20,39.24
Office Supplies,2018-01-21,1145.78
Office Supplies,2018-01-22,1212.422
Office Supplies,2018-01-23,57.018
Office Supplies,2018-01-24,308.31399999999996
Office Supplies,2018-01-26,52.63
Office Supplies,2018-01-27,14.016
Office Supplies,2018-01-28,279.9
Office Supplies,2018-01-29,158.642
Office Supplies,2018-01-30,290.524
Office Supplies,2018-02-02,316.56
Office Supplies,2018-02-03,900.127
Office Supplies,2018-02-04,32.67
Office Supplies,2018-02-05,1891.812
Office Supplies,2018-02-06,76.14
Office Supplies,2018-02-09,620.6759999999999
Office Supplies,2018-02-10,23.12
Office Supplies,2018-02-11,42.036
Office Supplies,2018-02-13,150.94
Office Supplies,2018-02-16,714.202
Office Supplies,2018-02-17,359.36499999999995
Office Supplies,2018-02-18,9.82
Office Supplies,2018-02-19,1269.9199999999998
Office Supplies,2018-02-20,90.91
Office Supplies,2018-02-23,45.839999999999996
Office Supplies,2018-02-24,128.876
Office Supplies,2018-02-25,1.788
Office Supplies,2018-02-26,685.75
Office Supplies,2018-02-28,17.62
Office Supplies,2018-03-02,331.45
Office Supplies,2018-03-03,99.67999999999999
Office Supplies,2018-03-04,125.32199999999999
Office Supplies,2018-03-05,940.05
Office Supplies,2018-03-06,499.882
Office Supplies,2018-03-07,117.51
Office Supplies,2018-03-08,843.1
Office Supplies,2018-03-09,30.84
Office Supplies,2018-03-10,67.124
Office Supplies,2018-03-11,951.4939999999999
Office Supplies,2018-03-12,283.35
Office Supplies,2018-03-13,2833.674
Office Supplies,2018-03-16,653.341
Office Supplies,2018-03-17,294.386
Office Supplies,2018-03-18,379.874
Office Supplies,2018-03-19,472.214
Office Supplies,2018-03-20,392.728
Office Supplies,2018-03-21,1504.616
Office Supplies,2018-03-23,604.268
Office Supplies,2018-03-24,281.698
Office Supplies,2018-03-25,418.978
Office Supplies,2018-03-26,217.342
Office Supplies,2018-03-27,545.1800000000001
Office Supplies,2018-03-28,923.942
Office Supplies,2018-03-29,81.4
Office Supplies,2018-03-30,397.415
Office Supplies,2018-03-31,250.488
Office Supplies,2018-04-01,320.062
Office Supplies,2018-04-02,26.06
Office Supplies,2018-04-03,7.056
Office Supplies,2018-04-04,264.39
Office Supplies,2018-04-06,114.41999999999999
Office Supplies,2018-04-07,21.584
Office Supplies,2018-04-08,5764.79
Office Supplies,2018-04-09,1626.71
Office Supplies,2018-04-10,510.81100000000004
Office Supplies,2018-04-11,92.736
Office Supplies,2018-04-12,69.66
Office Supplies,2018-04-13,909.12
Office Supplies,2018-04-14,137.856
Office Supplies,2018-04-15,135.888
Office Supplies,2018-04-16,815.616
Office Supplies,2018-04-17,327.91999999999996
Office Supplies,2018-04-20,583.22
Office Supplies,2018-04-21,123.628
Office Supplies,2018-04-22,675.06
Office Supplies,2018-04-23,431.222
Office Supplies,2018-04-24,306.578
Office Supplies,2018-04-25,225.162
Office Supplies,2018-04-26,59.620000000000005
Office Supplies,2018-04-27,216.73
Office Supplies,2018-04-28,43.312
Office Supplies,2018-04-29,4.91
Office Supplies,2018-04-30,400.826
Office Supplies,2018-05-01,7.936
Office Supplies,2018-05-02,109.62
Office Supplies,2018-05-03,980.428
Office Supplies,2018-05-04,661.3810000000001
Office Supplies,2018-05-05,95.132
Office Supplies,2018-05-06,1332.0249999999999
Office Supplies,2018-05-07,87.444
Office Supplies,2018-05-08,122.55199999999999
Office Supplies,2018-05-09,384.392
Office Supplies,2018-05-11,231.494
Office Supplies,2018-05-12,554.654
Office Supplies,2018-05-13,2019.978
Office Supplies,2018-05-14,964.53
Office Supplies,2018-05-15,77.00800000000001
Office Supplies,2018-05-16,221.024
Office Supplies,2018-05-18,902.076
Office Supplies,2018-05-19,1108.57
Office Supplies,2018-05-20,1005.998
Office Supplies,2018-05-21,17.97
Office Supplies,2018-05-22,86.116
Office Supplies,2018-05-23,70.148
Office Supplies,2018-05-25,747.186
Office Supplies,2018-05-26,247.16
Office Supplies,2018-05-27,604.91
Office Supplies,2018-05-28,158.118
Office Supplies,2018-05-29,619.444
Office Supplies,2018-05-30,76.51
Office Supplies,2018-06-01,427.66600000000005
Office Supplies,2018-06-02,132.73600000000002
Office Supplies,2018-06-03,247.26999999999998
Office Supplies,2018-06-04,145.11
Office Supplies,2018-06-05,20.736
Office Supplies,2018-06-06,26.4
Office Supplies,2018-06-08,240.732
Office Supplies,2018-06-09,806.232
Office Supplies,2018-06-10,1497.922
Office Supplies,2018-06-11,739.882
Office Supplies,2018-06-12,206.948
Office Supplies,2018-06-13,346.596
Office Supplies,2018-06-15,481.454
Office Supplies,2018-06-16,471.35200000000003
Office Supplies,2018-06-17,235.582
Office Supplies,2018-06-18,113.232
Office Supplies,2018-06-19,418.35999999999996
Office Supplies,2018-06-20,134.34799999999998
Office Supplies,2018-06-21,577.736
Office Supplies,2018-06-22,91.059
Office Supplies,2018-06-24,735.23
Office Supplies,2018-06-25,87.688
Office Supplies,2018-06-26,1304.2
Office Supplies,2018-06-27,39.510000000000005
Office Supplies,2018-06-29,3078.388
Office Supplies,2018-06-30,1614.7320000000002
Office Supplies,2018-07-01,639.83
Office Supplies,2018-07-02,169.192
Office Supplies,2018-07-03,459.78400000000005
Office Supplies,2018-07-05,64.366
Office Supplies,2018-07-06,19.002000000000002
Office Supplies,2018-07-07,52.356
Office Supplies,2018-07-08,1304.2640000000001
Office Supplies,2018-07-09,886.784
Office Supplies,2018-07-10,340.374
Office Supplies,2018-07-11,236.89
Office Supplies,2018-07-12,3.816
Office Supplies,2018-07-13,373.94
Office Supplies,2018-07-14,405.192
Office Supplies,2018-07-15,242.8
Office Supplies,2018-07-16,2.912
Office Supplies,2018-07-17,200.76
Office Supplies,2018-07-18,32.936
Office Supplies,2018-07-20,1353.8220000000001
Office Supplies,2018-07-21,841.7479999999999
Office Supplies,2018-07-23,338.488
Office Supplies,2018-07-25,341.942
Office Supplies,2018-07-27,39.16
Office Supplies,2018-07-28,24.964
Office Supplies,2018-07-29,273.332
Office Supplies,2018-07-30,433.426
Office Supplies,2018-07-31,1157.276
Office Supplies,2018-08-01,277.724
Office Supplies,2018-08-03,167.68
Office Supplies,2018-08-04,20.07
Office Supplies,2018-08-05,423.896
Office Supplies,2018-08-06,437.93600000000004
Office Supplies,2018-08-07,2033.69
Office Supplies,2018-08-10,247.27999999999997
Office Supplies,2018-08-11,555.142
Office Supplies,2018-08-12,1140.7
Office Supplies,2018-08-13,2185.9480000000003
Office Supplies,2018-08-14,22.439999999999998
Office Supplies,2018-08-15,1949.872
Office Supplies,2018-08-16,80.564
Office Supplies,2018-08-17,4377.0380000000005
Office Supplies,2018-08-18,4472.954
Office Supplies,2018-08-19,512.446
Office Supplies,2018-08-20,549.11
Office Supplies,2018-08-21,5748.553999999999
Office Supplies,2018-08-23,219.664
Office Supplies,2018-08-24,685.056
Office Supplies,2018-08-25,231.00799999999998
Office Supplies,2018-08-26,53.72
Office Supplies,2018-08-27,1804.9560000000001
Office Supplies,2018-08-28,270.714
Office Supplies,2018-08-29,87.44800000000001
Office Supplies,2018-08-31,1243.954
Office Supplies,2018-09-01,345.1
Office Supplies,2018-09-02,2661.498
Office Supplies,2018-09-03,589.448
Office Supplies,2018-09-04,1477.484
Office Supplies,2018-09-05,237.47599999999997
Office Supplies,2018-09-07,2388.661
Office Supplies,2018-09-08,236.072
Office Supplies,2018-09-09,1427.003
Office Supplies,2018-09-10,1290.5240000000001
Office Supplies,2018-09-11,2529.2
Office Supplies,2018-09-12,483.19
Office Supplies,2018-09-13,15.92
Office Supplies,2018-09-14,1307.0800000000002
Office Supplies,2018-09-15,3482.828
Office Supplies,2018-09-16,633.186
Office Supplies,2018-09-17,658.206
Office Supplies,2018-09-18,872.79
Office Supplies,2018-09-19,262.954
Office Supplies,2018-09-20,113.824
Office Supplies,2018-09-21,186.21200000000002
Office Supplies,2018-09-22,5854.138999999999
Office Supplies,2018-09-23,1011.176
Office Supplies,2018-09-24,438.578
Office Supplies,2018-09-25,486.517
Office Supplies,2018-09-26,1058.2
Office Supplies,2018-09-28,462.871
Office Supplies,2018-09-29,716.606
Office Supplies,2018-09-30,380.78
Office Supplies,2018-10-01,609.066
Office Supplies,2018-10-02,2139.6240000000003
Office Supplies,2018-10-03,1877.3020000000001
Office Supplies,2018-10-05,228.308
Office Supplies,2018-10-06,818.9
Office Supplies,2018-10-07,739.822
Office Supplies,2018-10-08,83.44
Office Supplies,2018-10-09,163.196
Office Supplies,2018-10-12,223.828
Office Supplies,2018-10-13,6648.8820000000005
Office Supplies,2018-10-14,78.512
Office Supplies,2018-10-15,484.98
Office Supplies,2018-10-16,432.526
Office Supplies,2018-10-17,73.56
Office Supplies,2018-10-19,1924.452
Office Supplies,2018-10-20,989.574
Office Supplies,2018-10-21,1268.655
Office Supplies,2018-10-22,468.27799999999996
Office Supplies,2018-10-23,380.074
Office Supplies,2018-10-24,11.68
Office Supplies,2018-10-26,442.836
Office Supplies,2018-10-27,145.095
Office Supplies,2018-10-28,280.598
Office Supplies,2018-10-29,46.96
Office Supplies,2018-10-30,2133.0919999999996
Office Supplies,2018-10-31,15.16
Office Supplies,2018-11-01,255.81
Office Supplies,2018-11-02,2025.652
Office Supplies,2018-11-03,407.50100000000003
Office Supplies,2018-11-04,473.768
Office Supplies,2018-11-05,815.5519999999999
Office Supplies,2018-11-06,1481.478
Office Supplies,2018-11-07,160.892
Office Supplies,2018-11-08,109.9
Office Supplies,2018-11-09,2250.72
Office Supplies,2018-11-10,1444.828
Office Supplies,2018-11-11,1656.1939999999997
Office Supplies,2018-11-12,1375.124
Office Supplies,2018-11-13,1971.528
Office Supplies,2018-11-14,225.198
Office Supplies,2018-11-16,1225.466
Office Supplies,2018-11-17,1722.21
Office Supplies,2018-11-18,1109.32
Office Supplies,2018-11-19,4762.139
Office Supplies,2018-11-20,274.48199999999997
Office Supplies,2018-11-21,382.64
Office Supplies,2018-11-22,35.712
Office Supplies,2018-11-23,445.964
Office Supplies,2018-11-24,2832.945
Office Supplies,2018-11-25,686.928
Office Supplies,2018-11-26,463.89
Office Supplies,2018-11-27,1185.016
Office Supplies,2018-11-28,273.914
Office Supplies,2018-11-30,1417.566
Office Supplies,2018-12-01,1371.45
Office Supplies,2018-12-02,2665.612
Office Supplies,2018-12-03,447.932
Office Supplies,2018-12-04,199.138
Office Supplies,2018-12-05,796.06
Office Supplies,2018-12-06,10.68
Office Supplies,2018-12-07,2279.774
Office Supplies,2018-12-08,2632.752
Office Supplies,2018-12-09,1447.079
Office Supplies,2018-12-10,973.235
Office Supplies,2018-12-11,100.816
Office Supplies,2018-12-13,91.92
Office Supplies,2018-12-14,320.73199999999997
Office Supplies,2018-12-15,87.342
Office Supplies,2018-12-16,321.09
Office Supplies,2018-12-17,1398.498
Office Supplies,2018-12-18,2115.91
Office Supplies,2018-12-19,1780.548
Office Supplies,2018-12-20,377.736
Office Supplies,2018-12-21,1772.05
Office Supplies,2018-12-22,1851.8129999999999
Office Supplies,2018-12-23,1149.692
Office Supplies,2018-12-24,1479.638
Office Supplies,2018-12-25,1465.2649999999999
Office Supplies,2018-12-26,814.5939999999999
Office Supplies,2018-12-27,13.248
Office Supplies,2018-12-28,1091.2440000000001
Office Supplies,2018-12-29,282.44
Office Supplies,2018-12-30,299.724
Technology,2015-01-06,1147.94
Technology,2015-01-09,31.2
Technology,2015-01-13,646.74
Technology,2015-01-15,149.95
Technology,2015-01-16,124.2
Technology,2015-01-20,699.93
Technology,2015-01-26,343.33
Technology,2015-02-01,468.9
Technology,2015-02-02,180.96
Technology,2015-02-06,306.56
Technology,2015-02-07,115.36
Technology,2015-02-11,234.45
Technology,2015-02-14,239.97
Technology,2015-02-20,62.31
Technology,2015-03-01,5.94
Technology,2015-03-03,9.99
Technology,2015-03-05,479.97
Technology,2015-03-11,620.9300000000001
Technology,2015-03-14,657.7099999999999
Technology,2015-03-16,471.92
Technology,2015-03-18,24739.748
Technology,2015-03-19,494.216
Technology,2015-03-21,3499.93
Technology,2015-03-23,604.752
Technology,2015-03-25,45.48
Technology,2015-03-26,95.084
Technology,2015-03-28,302.376
Technology,2015-03-30,251.944
Technology,2015-03-31,79.984
Technology,2015-04-02,1049.93
Technology,2015-04-04,99.98
Technology,2015-04-05,28.99
Technology,2015-04-06,450.654
Technology,2015-04-07,830.9200000000001
Technology,2015-04-08,399.96
Technology,2015-04-11,1801.296
Technology,2015-04-12,1513.456
Technology,2015-04-13,71.928
Technology,2015-04-18,515.944
Technology,2015-04-25,302.376
Technology,2015-04-28,1839.94
Technology,2015-04-29,19.98
Technology,2015-04-30,47.79
Technology,2015-05-02,479.984
Technology,2015-05-08,1799.97
Technology,2015-05-09,235.76999999999998
Technology,2015-05-10,1475.6
Technology,2015-05-11,205.768
Technology,2015-05-13,149.97
Technology,2015-05-16,56.4
Technology,2015-05-18,779.796
Technology,2015-05-20,20.784
Technology,2015-05-21,617.97
Technology,2015-05-22,180.93
Technology,2015-05-23,55.188
Technology,2015-05-26,285.568
Technology,2015-05-27,1213.494
Technology,2015-05-28,85.00800000000001
Technology,2015-05-30,1183.976
Technology,2015-05-31,773.7
Technology,2015-06-01,881.93
Technology,2015-06-02,239.97
Technology,2015-06-09,1890.5520000000001
Technology,2015-06-17,65.97
Technology,2015-06-18,139.8
Technology,2015-06-20,620.384
Technology,2015-06-21,3743.529
Technology,2015-06-22,279.534
Technology,2015-06-23,86.376
Technology,2015-06-25,263.96
Technology,2015-06-27,223.96
Technology,2015-07-01,575.92
Technology,2015-07-02,73.98
Technology,2015-07-05,479.97
Technology,2015-07-06,559.992
Technology,2015-07-11,773.938
Technology,2015-07-12,279.776
Technology,2015-07-14,75.75399999999999
Technology,2015-07-15,2.97
Technology,2015-07-19,359.98
Technology,2015-07-20,41.94
Technology,2015-07-21,35.98
Technology,2015-07-22,159.98
Technology,2015-07-23,2555.084
Technology,2015-07-26,1626.02
Technology,2015-07-27,238.0
Technology,2015-08-02,21.2
Technology,2015-08-04,655.38
Technology,2015-08-05,152.35000000000002
Technology,2015-08-06,262.89
Technology,2015-08-08,2591.882
Technology,2015-08-09,1488.7199999999998
Technology,2015-08-12,965.264
Technology,2015-08-17,339.96
Technology,2015-08-23,143.64
Technology,2015-08-25,1103.0439999999999
Technology,2015-08-26,326.77
Technology,2015-08-27,793.4300000000001
Technology,2015-08-31,92.52
Technology,2015-09-01,357.0
Technology,2015-09-02,1275.63
Technology,2015-09-07,1158.2060000000001
Technology,2015-09-08,8680.728
Technology,2015-09-09,1500.21
Technology,2015-09-12,142.606
Technology,2015-09-13,714.94
Technology,2015-09-14,3104.92
Technology,2015-09-17,133.829
Technology,2015-09-19,8204.925
Technology,2015-09-20,2050.96
Technology,2015-09-21,2286.338
Technology,2015-09-23,83.984
Technology,2015-09-26,3.152
Technology,2015-09-29,686.32
Technology,2015-10-02,555.936
Technology,2015-10-03,142.488
Technology,2015-10-05,99.98
Technology,2015-10-06,9.09
Technology,2015-10-08,23.472
Technology,2015-10-09,15.992
Technology,2015-10-10,1577.8899999999999
Technology,2015-10-11,345.0
Technology,2015-10-13,48.74
Technology,2015-10-14,2176.96
Technology,2015-10-16,179.97
Technology,2015-10-17,119.976
Technology,2015-10-18,1394.95
Technology,2015-10-19,439.12800000000004
Technology,2015-10-20,319.968
Technology,2015-10-25,40.776
Technology,2015-10-26,383.96
Technology,2015-10-28,257.98
Technology,2015-10-29,2737.9320000000002
Technology,2015-10-31,1067.83
Technology,2015-11-01,3118.784
Technology,2015-11-02,1620.008
Technology,2015-11-03,873.9300000000001
Technology,2015-11-04,5742.232
Technology,2015-11-05,157.766
Technology,2015-11-08,333.576
Technology,2015-11-09,703.968
Technology,2015-11-10,612.526
Technology,2015-11-11,1627.6979999999999
Technology,2015-11-12,79.512
Technology,2015-11-14,832.93
Technology,2015-11-15,772.47
Technology,2015-11-16,353.928
Technology,2015-11-17,99.98
Technology,2015-11-18,549.552
Technology,2015-11-19,5561.186000000001
Technology,2015-11-20,833.94
Technology,2015-11-21,399.94
Technology,2015-11-23,35.534
Technology,2015-11-24,2664.136
Technology,2015-11-25,564.592
Technology,2015-11-26,718.296
Technology,2015-11-28,1138.78
Technology,2015-11-29,575.92
Technology,2015-11-30,102.24
Technology,2015-12-01,1027.856
Technology,2015-12-02,245.70999999999998
Technology,2015-12-03,479.96
Technology,2015-12-04,129.98
Technology,2015-12-05,793.39
Technology,2015-12-06,35.04
Technology,2015-12-08,156.6
Technology,2015-12-09,1079.976
Technology,2015-12-14,7298.936
Technology,2015-12-15,40.68
Technology,2015-12-16,1122.148
Technology,2015-12-19,1366.744
Technology,2015-12-20,585.36
Technology,2015-12-24,1054.882
Technology,2015-12-27,498.0
Technology,2015-12-29,1423.672
Technology,2015-12-30,874.2760000000001
Technology,2015-12-31,2360.014
Technology,2016-01-02,1340.566
Technology,2016-01-03,398.4
Technology,2016-01-12,271.948
Technology,2016-01-27,587.346
Technology,2016-01-30,1919.976
Technology,2016-02-03,149.97
Technology,2016-02-06,18.528
Technology,2016-02-08,107.982
Technology,2016-02-09,500.752
Technology,2016-02-14,1021.9480000000001
Technology,2016-02-15,974.9000000000001
Technology,2016-02-20,29.99
Technology,2016-02-27,644.9
Technology,2016-03-01,111.824
Technology,2016-03-05,532.3100000000001
Technology,2016-03-06,1119.984
Technology,2016-03-07,707.82
Technology,2016-03-08,769.95
Technology,2016-03-09,473.4
Technology,2016-03-15,16.776
Technology,2016-03-16,85.9
Technology,2016-03-17,15.02
Technology,2016-03-19,3603.506
Technology,2016-03-22,1970.296
Technology,2016-03-23,239.97
Technology,2016-03-26,16.776
Technology,2016-03-28,166.24
Technology,2016-03-29,53.25
Technology,2016-03-30,180.96
Technology,2016-03-31,79.96
Technology,2016-04-02,257.87199999999996
Technology,2016-04-04,610.9300000000001
Technology,2016-04-05,296.778
Technology,2016-04-06,25.488
Technology,2016-04-07,383.952
Technology,2016-04-11,747.098
Technology,2016-04-13,1178.432
Technology,2016-04-16,2171.95
Technology,2016-04-17,1206.93
Technology,2016-04-18,490.66
Technology,2016-04-20,287.97
Technology,2016-04-21,469.95
Technology,2016-04-22,88.776
Technology,2016-04-26,311.976
Technology,2016-04-27,1379.92
Technology,2016-04-30,1252.27
Technology,2016-05-01,88.752
Technology,2016-05-02,158.376
Technology,2016-05-03,367.512
Technology,2016-05-04,946.344
Technology,2016-05-08,3177.9139999999998
Technology,2016-05-10,46.688
Technology,2016-05-12,820.7360000000001
Technology,2016-05-13,222.384
Technology,2016-05-16,255.968
Technology,2016-05-22,3749.0480000000002
Technology,2016-05-25,675.024
Technology,2016-05-26,567.484
Technology,2016-05-28,45.99
Technology,2016-05-30,520.78
Technology,2016-06-01,341.88
Technology,2016-06-04,1109.95
Technology,2016-06-08,2.376
Technology,2016-06-09,212.976
Technology,2016-06-11,303.284
Technology,2016-06-12,55.984
Technology,2016-06-13,967.95
Technology,2016-06-15,237.248
Technology,2016-06-16,133.98
Technology,2016-06-18,467.97
Technology,2016-06-20,571.904
Technology,2016-06-21,107.976
Technology,2016-06-23,638.128
Technology,2016-06-26,1013.78
Technology,2016-06-29,269.98
Technology,2016-07-02,74.24
Technology,2016-07-04,1099.96
Technology,2016-07-05,34.8
Technology,2016-07-06,124.95
Technology,2016-07-09,734.952
Technology,2016-07-11,716.0
Technology,2016-07-12,1652.36
Technology,2016-07-16,599.9
Technology,2016-07-18,519.96
Technology,2016-07-20,984.7840000000001
Technology,2016-07-24,279.86
Technology,2016-07-25,623.96
Technology,2016-07-27,29.97
Technology,2016-07-30,209.93
Technology,2016-07-31,2549.35
Technology,2016-08-02,887.23
Technology,2016-08-07,494.97
Technology,2016-08-09,1535.73
Technology,2016-08-10,578.312
Technology,2016-08-11,138.0
Technology,2016-08-16,2430.928
Technology,2016-08-17,282.88
Technology,2016-08-21,21.728
Technology,2016-08-23,251.91
Technology,2016-08-24,3800.9120000000003
Technology,2016-08-28,3943.096
Technology,2016-08-29,246.5
Technology,2016-08-31,832.446
Technology,2016-09-01,959.984
Technology,2016-09-03,247.84
Technology,2016-09-04,754.326
Technology,2016-09-06,384.3
Technology,2016-09-07,1441.894
Technology,2016-09-11,19.99
Technology,2016-09-12,501.964
Technology,2016-09-13,199.96
Technology,2016-09-14,879.984
Technology,2016-09-15,59.97
Technology,2016-09-17,1024.838
Technology,2016-09-18,2477.04
Technology,2016-09-19,346.22
Technology,2016-09-21,2431.124
Technology,2016-09-22,617.976
Technology,2016-09-24,880.2600000000001
Technology,2016-09-25,1228.83
Technology,2016-09-26,2343.984
Technology,2016-09-27,1871.88
Technology,2016-09-28,344.764
Technology,2016-10-01,993.548
Technology,2016-10-02,647.0
Technology,2016-10-03,71.98400000000001
Technology,2016-10-05,341.04
Technology,2016-10-09,1281.0700000000002
Technology,2016-10-11,31.95
Technology,2016-10-12,489.34
Technology,2016-10-13,83.72
Technology,2016-10-15,603.8399999999999
Technology,2016-10-16,824.97
Technology,2016-10-18,277.28000000000003
Technology,2016-10-19,419.95
Technology,2016-10-20,239.97
Technology,2016-10-23,846.448
Technology,2016-10-25,158.99
Technology,2016-10-26,174.304
Technology,2016-10-30,1923.646
Technology,2016-10-31,1295.84
Technology,2016-11-01,1987.1499999999999
Technology,2016-11-02,792.634
Technology,2016-11-03,1302.818
Technology,2016-11-07,287.91
Technology,2016-11-08,6175.8099999999995
Technology,2016-11-09,3235.83
Technology,2016-11-10,629.89
Technology,2016-11-12,100.792
Technology,2016-11-13,1209.7359999999999
Technology,2016-11-14,396.628
Technology,2016-11-16,1544.712
Technology,2016-11-17,415.968
Technology,2016-11-19,861.76
Technology,2016-11-20,566.712
Technology,2016-11-21,1051.746
Technology,2016-11-22,60.153
Technology,2016-11-23,307.98
Technology,2016-11-24,13.98
Technology,2016-11-26,599.99
Technology,2016-11-27,1389.618
Technology,2016-11-28,647.904
Technology,2016-11-29,21.48
Technology,2016-11-30,272.4
Technology,2016-12-03,624.708
Technology,2016-12-04,1950.0620000000001
Technology,2016-12-05,86.98400000000001
Technology,2016-12-06,3498.954
Technology,2016-12-07,773.94
Technology,2016-12-08,2074.36
Technology,2016-12-10,1062.402
Technology,2016-12-11,519.284
Technology,2016-12-12,322.308
Technology,2016-12-13,779.466
Technology,2016-12-14,369.968
Technology,2016-12-15,5073.42
Technology,2016-12-17,135.984
Technology,2016-12-18,166.24
Technology,2016-12-19,4375.584
Technology,2016-12-20,516.752
Technology,2016-12-21,1436.426
Technology,2016-12-24,5491.902
Technology,2016-12-25,2117.84
Technology,2016-12-27,1364.62
Technology,2016-12-28,54.384
Technology,2016-12-30,2836.44
Technology,2017-01-02,231.98
Technology,2017-01-03,376.64
Technology,2017-01-04,959.968
Technology,2017-01-05,250.656
Technology,2017-01-08,108.784
Technology,2017-01-09,727.8779999999999
Technology,2017-01-10,69.98
Technology,2017-01-11,15.588
Technology,2017-01-15,254.97
Technology,2017-01-16,90.57
Technology,2017-01-17,717.96
Technology,2017-01-22,165.55200000000002
Technology,2017-01-23,99.98
Technology,2017-01-30,1439.968
Technology,2017-01-31,109.592
Technology,2017-02-02,8749.95
Technology,2017-02-04,90.48
Technology,2017-02-05,749.6479999999999
Technology,2017-02-07,723.96
Technology,2017-02-08,1127.976
Technology,2017-02-09,121.83
Technology,2017-02-11,69.93
Technology,2017-02-16,89.97
Technology,2017-02-21,52.97
Technology,2017-02-22,482.2
Technology,2017-03-01,5059.914000000001
Technology,2017-03-03,1376.406
Technology,2017-03-04,159.98
Technology,2017-03-06,500.178
Technology,2017-03-07,21.072
Technology,2017-03-08,1500.496
Technology,2017-03-09,199.75
Technology,2017-03-10,7583.354
Technology,2017-03-11,45.98
Technology,2017-03-13,1572.154
Technology,2017-03-15,83.976
Technology,2017-03-17,214.764
Technology,2017-03-20,96.77600000000001
Technology,2017-03-22,58.58
Technology,2017-03-24,403.168
Technology,2017-03-25,1287.45
Technology,2017-03-26,119.976
Technology,2017-03-29,971.112
Technology,2017-03-31,312.76599999999996
Technology,2017-04-01,48.11
Technology,2017-04-03,259.96
Technology,2017-04-04,239.94
Technology,2017-04-05,118.782
Technology,2017-04-06,1294.75
Technology,2017-04-07,1199.976
Technology,2017-04-08,431.928
Technology,2017-04-09,517.9
Technology,2017-04-15,700.704
Technology,2017-04-16,9135.098
Technology,2017-04-17,36.792
Technology,2017-04-18,29.56
Technology,2017-04-19,65.94
Technology,2017-04-23,99.99
Technology,2017-04-24,258.696
Technology,2017-04-25,82.8
Technology,2017-04-28,369.576
Technology,2017-05-03,789.433
Technology,2017-05-05,423.648
Technology,2017-05-06,26.176
Technology,2017-05-07,4199.9
Technology,2017-05-08,58.112
Technology,2017-05-09,113.116
Technology,2017-05-10,743.988
Technology,2017-05-12,751.96
Technology,2017-05-14,229.128
Technology,2017-05-20,1363.96
Technology,2017-05-21,2517.8360000000002
Technology,2017-05-22,920.4639999999999
Technology,2017-05-23,10502.286
Technology,2017-05-26,695.056
Technology,2017-05-28,976.4
Technology,2017-05-29,979.95
Technology,2017-05-30,3361.578
Technology,2017-05-31,179.7
Technology,2017-06-04,1381.8339999999998
Technology,2017-06-06,4386.872
Technology,2017-06-09,873.1800000000001
Technology,2017-06-11,629.94
Technology,2017-06-12,1076.019
Technology,2017-06-13,377.97
Technology,2017-06-14,47.754
Technology,2017-06-16,91.475
Technology,2017-06-17,596.97
Technology,2017-06-20,169.668
Technology,2017-06-23,862.344
Technology,2017-06-24,4955.95
Technology,2017-06-26,310.496
Technology,2017-06-27,201.584
Technology,2017-06-28,359.976
Technology,2017-06-30,50.12
Technology,2017-07-01,1530.79
Technology,2017-07-04,249.456
Technology,2017-07-07,2859.954
Technology,2017-07-08,1795.584
Technology,2017-07-10,341.991
Technology,2017-07-12,95.76
Technology,2017-07-14,940.184
Technology,2017-07-16,714.338
Technology,2017-07-17,1046.184
Technology,2017-07-18,71.568
Technology,2017-07-19,425.954
Technology,2017-07-20,89.95
Technology,2017-07-22,109.95
Technology,2017-07-23,380.611
Technology,2017-07-25,1439.976
Technology,2017-07-31,754.95
Technology,2017-08-01,1039.728
Technology,2017-08-02,333.576
Technology,2017-08-03,167.28
Technology,2017-08-04,302.384
Technology,2017-08-06,211.168
Technology,2017-08-07,179.97
Technology,2017-08-09,44.784
Technology,2017-08-12,1399.944
Technology,2017-08-13,71.98
Technology,2017-08-14,892.596
Technology,2017-08-15,943.12
Technology,2017-08-18,39.99
Technology,2017-08-20,14.78
Technology,2017-08-21,378.914
Technology,2017-08-23,1505.98
Technology,2017-08-26,1228.828
Technology,2017-08-27,59.97
Technology,2017-08-28,108.576
Technology,2017-08-29,117.976
Technology,2017-08-30,630.858
Technology,2017-09-01,580.938
Technology,2017-09-02,4626.2880000000005
Technology,2017-09-03,280.782
Technology,2017-09-04,279.95
Technology,2017-09-05,546.784
Technology,2017-09-06,361.444
Technology,2017-09-08,152.712
Technology,2017-09-10,1239.6399999999999
Technology,2017-09-11,5900.986
Technology,2017-09-12,167.652
Technology,2017-09-13,179.92
Technology,2017-09-14,437.85
Technology,2017-09-17,1013.018
Technology,2017-09-18,239.984
Technology,2017-09-19,249.95
Technology,2017-09-22,63.936
Technology,2017-09-25,499.95
Technology,2017-09-26,531.976
Technology,2017-09-27,1001.584
Technology,2017-09-29,1069.17
Technology,2017-10-01,149.412
Technology,2017-10-02,17499.95
Technology,2017-10-04,5452.59
Technology,2017-10-06,771.6700000000001
Technology,2017-10-07,837.6
Technology,2017-10-09,23.976
Technology,2017-10-10,15.992
Technology,2017-10-13,191.976
Technology,2017-10-14,2941.384
Technology,2017-10-15,5.5
Technology,2017-10-17,449.97
Technology,2017-10-20,317.68
Technology,2017-10-21,439.392
Technology,2017-10-24,1349.946
Technology,2017-10-25,783.96
Technology,2017-10-28,302.376
Technology,2017-11-01,89.91199999999999
Technology,2017-11-03,334.94100000000003
Technology,2017-11-04,686.4
Technology,2017-11-05,837.638
Technology,2017-11-07,1223.876
Technology,2017-11-09,479.97
Technology,2017-11-10,1604.732
Technology,2017-11-11,449.91800000000006
Technology,2017-11-12,235.96
Technology,2017-11-13,2279.96
Technology,2017-11-14,1803.9060000000002
Technology,2017-11-15,460.76599999999996
Technology,2017-11-17,67.176
Technology,2017-11-18,1976.152
Technology,2017-11-19,71.96
Technology,2017-11-20,1747.674
Technology,2017-11-21,516.861
Technology,2017-11-22,24.032
Technology,2017-11-24,2531.8199999999997
Technology,2017-11-25,5099.861
Technology,2017-11-26,3594.9519999999998
Technology,2017-11-27,486.10200000000003
Technology,2017-11-28,441.882
Technology,2017-11-29,58.416
Technology,2017-11-30,36.192
Technology,2017-12-01,1181.838
Technology,2017-12-02,795.5500000000001
Technology,2017-12-03,1649.95
Technology,2017-12-04,78.15
Technology,2017-12-05,1234.4
Technology,2017-12-06,1068.752
Technology,2017-12-08,1546.75
Technology,2017-12-09,130.6
Technology,2017-12-10,44.75
Technology,2017-12-11,2188.8540000000003
Technology,2017-12-12,1291.8319999999999
Technology,2017-12-13,63.88
Technology,2017-12-16,21.21
Technology,2017-12-17,165.6
Technology,2017-12-18,1053.542
Technology,2017-12-20,66.3
Technology,2017-12-22,11.56
Technology,2017-12-23,4373.266
Technology,2017-12-24,453.65
Technology,2017-12-25,3646.054
Technology,2017-12-26,392.35400000000004
Technology,2017-12-27,40.0
Technology,2017-12-31,302.376
Technology,2018-01-02,712.2900000000001
Technology,2018-01-07,3059.982
Technology,2018-01-14,288.96799999999996
Technology,2018-01-15,110.576
Technology,2018-01-19,429.6
Technology,2018-01-20,520.752
Technology,2018-01-21,1315.883
Technology,2018-01-22,2999.95
Technology,2018-01-23,182.336
Technology,2018-01-24,110.352
Technology,2018-01-26,2939.93
Technology,2018-01-27,317.898
Technology,2018-01-28,689.88
Technology,2018-01-30,2814.9359999999997
Technology,2018-02-02,299.954
Technology,2018-02-05,371.2
Technology,2018-02-06,227.46
Technology,2018-02-09,127.984
Technology,2018-02-11,88.776
Technology,2018-02-13,799.96
Technology,2018-02-16,14.99
Technology,2018-02-17,649.8820000000001
Technology,2018-02-18,277.506
Technology,2018-02-20,581.5360000000001
Technology,2018-02-21,47.904
Technology,2018-02-23,71.96
Technology,2018-02-24,1319.8
Technology,2018-02-26,889.536
Technology,2018-03-02,676.716
Technology,2018-03-03,1149.42
Technology,2018-03-05,299.97
Technology,2018-03-06,206.384
Technology,2018-03-07,49.08
Technology,2018-03-09,679.9639999999999
Technology,2018-03-10,201.85199999999998
Technology,2018-03-11,840.73
Technology,2018-03-12,69.93
Technology,2018-03-13,1867.908
Technology,2018-03-14,49.616
Technology,2018-03-16,1309.776
Technology,2018-03-17,248.36
Technology,2018-03-18,565.36
Technology,2018-03-19,957.004
Technology,2018-03-20,503.93
Technology,2018-03-23,13999.96
Technology,2018-03-24,495.99
Technology,2018-03-25,1161.528
Technology,2018-03-26,2717.13
Technology,2018-03-27,246.09199999999998
Technology,2018-03-28,532.72
Technology,2018-03-30,164.792
Technology,2018-03-31,4434.41
Technology,2018-04-01,4823.96
Technology,2018-04-02,360.0
Technology,2018-04-04,544.0799999999999
Technology,2018-04-07,837.16
Technology,2018-04-10,195.726
Technology,2018-04-11,227.07
Technology,2018-04-16,25.98
Technology,2018-04-17,2824.875
Technology,2018-04-21,59.516
Technology,2018-04-23,200.748
Technology,2018-04-24,621.98
Technology,2018-04-25,107.97
Technology,2018-04-28,751.984
Technology,2018-04-30,679.956
Technology,2018-05-01,48.9
Technology,2018-05-02,159.56
Technology,2018-05-04,183.96
Technology,2018-05-06,1035.912
Technology,2018-05-07,499.934
Technology,2018-05-08,3359.952
Technology,2018-05-09,199.98
Technology,2018-05-12,87.4
Technology,2018-05-13,587.97
Technology,2018-05-14,2037.862
Technology,2018-05-15,40.711999999999996
Technology,2018-05-18,586.432
Technology,2018-05-19,1186.0320000000002
Technology,2018-05-20,1466.328
Technology,2018-05-22,68.46
Technology,2018-05-25,120.0
Technology,2018-05-26,23.08
Technology,2018-05-27,967.698
Technology,2018-05-28,522.296
Technology,2018-05-30,192.152
Technology,2018-06-01,158.376
Technology,2018-06-02,2.97
Technology,2018-06-03,2043.262
Technology,2018-06-04,71.984
Technology,2018-06-05,470.376
Technology,2018-06-08,488.64000000000004
Technology,2018-06-10,501.256
Technology,2018-06-11,385.8
Technology,2018-06-12,135.89600000000002
Technology,2018-06-13,47.984
Technology,2018-06-15,2647.848
Technology,2018-06-16,737.922
Technology,2018-06-17,3505.84
Technology,2018-06-19,225.448
Technology,2018-06-20,893.88
Technology,2018-06-25,148.48
Technology,2018-06-26,2119.934
Technology,2018-06-27,1287.45
Technology,2018-06-29,62.31
Technology,2018-06-30,1001.584
Technology,2018-07-03,5486.942
Technology,2018-07-05,79.96
Technology,2018-07-07,1480.684
Technology,2018-07-08,191.9
Technology,2018-07-09,257.98
Technology,2018-07-11,1492.002
Technology,2018-07-13,39.594
Technology,2018-07-14,2501.292
Technology,2018-07-15,41.9
Technology,2018-07-17,749.9639999999999
Technology,2018-07-18,599.97
Technology,2018-07-20,389.97
Technology,2018-07-21,2180.644
Technology,2018-07-22,29.97
Technology,2018-07-23,559.7
Technology,2018-07-24,2399.96
Technology,2018-07-26,1649.95
Technology,2018-07-27,778.8699999999999
Technology,2018-07-28,1145.6
Technology,2018-07-29,699.332
Technology,2018-07-30,89.95
Technology,2018-07-31,363.79200000000003
Technology,2018-08-01,1807.926
Technology,2018-08-03,39.816
Technology,2018-08-05,79.78
Technology,2018-08-06,824.95
Technology,2018-08-07,1187.0
Technology,2018-08-10,1454.49
Technology,2018-08-11,153.584
Technology,2018-08-12,717.564
Technology,2018-08-13,1.584
Technology,2018-08-17,170.136
Technology,2018-08-18,2401.15
Technology,2018-08-20,143.84
Technology,2018-08-21,465.148
Technology,2018-08-23,4367.896
Technology,2018-08-26,71.98
Technology,2018-08-27,2347.842
Technology,2018-08-28,35.168
Technology,2018-08-31,1349.308
Technology,2018-09-01,19.99
Technology,2018-09-02,3974.784
Technology,2018-09-03,385.77000000000004
Technology,2018-09-04,159.736
Technology,2018-09-05,89.568
Technology,2018-09-07,989.216
Technology,2018-09-08,948.0160000000001
Technology,2018-09-09,2446.494
Technology,2018-09-10,853.77
Technology,2018-09-11,223.91199999999998
Technology,2018-09-14,1333.605
Technology,2018-09-15,1189.43
Technology,2018-09-16,175.952
Technology,2018-09-17,1985.73
Technology,2018-09-18,609.0
Technology,2018-09-19,903.4300000000001
Technology,2018-09-20,1749.92
Technology,2018-09-21,151.96
Technology,2018-09-22,1763.0439999999999
Technology,2018-09-23,579.8779999999999
Technology,2018-09-24,4584.644
Technology,2018-09-25,119.96
Technology,2018-09-28,54.384
Technology,2018-09-29,576.486
Technology,2018-09-30,159.98
Technology,2018-10-01,1809.64
Technology,2018-10-02,519.934
Technology,2018-10-03,371.97
Technology,2018-10-05,5520.506
Technology,2018-10-06,319.96
Technology,2018-10-07,1546.958
Technology,2018-10-08,379.15200000000004
Technology,2018-10-12,2278.238
Technology,2018-10-13,241.924
Technology,2018-10-14,46.36
Technology,2018-10-16,618.513
Technology,2018-10-17,52.792
Technology,2018-10-19,326.25600000000003
Technology,2018-10-20,15.984
Technology,2018-10-21,1798.308
Technology,2018-10-22,13685.258
Technology,2018-10-23,1778.92
Technology,2018-10-26,200.18200000000002
Technology,2018-10-27,194.98399999999998
Technology,2018-10-28,50.176
Technology,2018-10-30,590.88
Technology,2018-10-31,508.768
Technology,2018-11-02,3109.1099999999997
Technology,2018-11-03,1605.386
Technology,2018-11-04,9670.564
Technology,2018-11-05,1143.488
Technology,2018-11-06,125.91
Technology,2018-11-07,1629.164
Technology,2018-11-09,1617.754
Technology,2018-11-10,1080.2
Technology,2018-11-11,35.184
Technology,2018-11-12,1285.958
Technology,2018-11-13,1896.239
Technology,2018-11-14,287.892
Technology,2018-11-16,3240.178
Technology,2018-11-17,11171.089999999998
Technology,2018-11-18,207.47000000000003
Technology,2018-11-19,31.968
Technology,2018-11-20,1832.93
Technology,2018-11-21,1755.144
Technology,2018-11-23,520.448
Technology,2018-11-24,169.088
Technology,2018-11-25,339.91999999999996
Technology,2018-11-26,3208.6820000000002
Technology,2018-11-27,367.45799999999997
Technology,2018-11-28,1979.89
Technology,2018-11-30,1097.9879999999998
Technology,2018-12-01,1417.436
Technology,2018-12-02,3758.0660000000003
Technology,2018-12-03,364.07
Technology,2018-12-04,1447.7179999999998
Technology,2018-12-05,335.596
Technology,2018-12-07,554.3599999999999
Technology,2018-12-08,1642.0240000000001
Technology,2018-12-09,2096.078
Technology,2018-12-10,798.06
Technology,2018-12-11,475.69
Technology,2018-12-14,1724.45
Technology,2018-12-15,196.776
Technology,2018-12-16,339.9
Technology,2018-12-18,149.32
Technology,2018-12-21,352.97
Technology,2018-12-22,1503.752
Technology,2018-12-23,494.97
Technology,2018-12-24,3359.9220000000005
Technology,2018-12-25,401.208
Technology,2018-12-27,164.388
Technology,2018-12-28,14.85
Technology,2018-12-29,302.376
Technology,2018-12-30,90.93
